ORGANIZATION,FISCA_ OR_LEGISLATIVE_YEAR,ORGANIZATION_CODE,PROGRAM,PROGRAM_CODE,SORT_SUBTOTAL_DESCRIPTION,BUDGET_OBJECT_CLASS,SORT_SEQUENCE,TRANSACTION_DATE,DATA_SOURCE,DOCUMENT,VENDOR_NAME,VENDOR_ID,PERFORM_START_DT,PERFORM_END_DT,DESCRIPTION,BUDGET_OBJECT_CODE,AMOUNT
2024 DEMOCRATIC CAUCUS,LY2024,21DA001,GENERAL EXPENDITURES,EXPEN,PERSONNEL COMPENSATION,11,DETAIL,NA,GL,NA,ARAZI HADAR,NA,2024-10-01,2024-12-31,CAUCUS ASSOCIATE,1101,35166.67
2024 DEMOCRATIC CAUCUS,LY2024,21DA001,GENERAL EXPENDITURES,EXPEN,PERSONNEL COMPENSATION,11,DETAIL,NA,GL,NA,CHELEBIAN PETER M.,NA,2024-10-01,2024-12-31,CAUCUS ASSISTANT,1101,20049.99
2024 DEMOCRATIC CAUCUS,LY2024,21DA001,GENERAL EXPENDITURES,EXPEN,PERSONNEL COMPENSATION,11,DETAIL,NA,GL,NA,CHELEBIAN PETER M.,NA,2024-09-01,2024-11-30,CAUCUS ASSISTANT (OVERTIME),1103,1331.49
2024 DEMOCRATIC CAUCUS,LY2024,21DA001,GENERAL EXPENDITURES,EXPEN,PERSONNEL COMPENSATION,11,DETAIL,NA,GL,NA,CORNELL REBECCA T.,NA,2024-10-01,2024-12-31,CHIEF OF STAFF,1101,49599.99
2024 DEMOCRATIC CAUCUS,LY2024,21DA001,GENERAL EXPENDITURES,EXPEN,PERSONNEL COMPENSATION,11,DETAIL,NA,GL,NA,DAVIS JAMES H.,NA,2024-10-01,2024-12-31,SR MEMBER SVCS ADVISOR TO THE,1101,25749.99
2024 DEMOCRATIC CAUCUS,LY2024,21DA001,GENERAL EXPENDITURES,EXPEN,PERSONNEL COMPENSATION,11,DETAIL,NA,GL,NA,DESAI SONALI J,NA,2024-10-01,2024-12-31,EXECUTIVE DIRECTOR,1101,53025
2024 DEMOCRATIC CAUCUS,LY2024,21DA001,GENERAL EXPENDITURES,EXPEN,PERSONNEL COMPENSATION,11,DETAIL,NA,GL,NA,FRY COURTNEY,NA,2024-10-01,2024-12-31,DIRECTOR OF MEMBER SERVICES,1101,53025
2024 DEMOCRATIC CAUCUS,LY2024,21DA001,GENERAL EXPENDITURES,EXPEN,PERSONNEL COMPENSATION,11,DETAIL,NA,GL,NA,GEDNEY LAUREN E.,NA,2024-10-01,2024-12-31,DIRECTOR OF OPERATIONS TO THE,1101,5499.99
2024 DEMOCRATIC CAUCUS,LY2024,21DA001,GENERAL EXPENDITURES,EXPEN,PERSONNEL COMPENSATION,11,DETAIL,NA,GL,NA,JOHNSON TAEVION D.,NA,2024-10-01,2024-12-31,CAUCUS ASSISTANT,1101,21366.66
2024 DEMOCRATIC CAUCUS,LY2024,21DA001,GENERAL EXPENDITURES,EXPEN,PERSONNEL COMPENSATION,11,DETAIL,NA,GL,NA,JOHNSON TAEVION D.,NA,2024-09-01,2024-11-30,CAUCUS ASSISTANT (OVERTIME),1103,1561.86
2024 DEMOCRATIC CAUCUS,LY2024,21DA001,GENERAL EXPENDITURES,EXPEN,PERSONNEL COMPENSATION,11,DETAIL,NA,GL,NA,JUSINO GREGORY,NA,2024-10-01,2024-12-31,CAUCUS ASSISTANT,1101,20216.66
2024 DEMOCRATIC CAUCUS,LY2024,21DA001,GENERAL EXPENDITURES,EXPEN,PERSONNEL COMPENSATION,11,DETAIL,NA,GL,NA,JUSINO GREGORY,NA,2024-09-01,2024-11-30,CAUCUS ASSISTANT (OVERTIME),1103,1130.03
2024 DEMOCRATIC CAUCUS,LY2024,21DA001,GENERAL EXPENDITURES,EXPEN,PERSONNEL COMPENSATION,11,DETAIL,NA,GL,NA,KENNEY GRACE E.,NA,2024-10-01,2024-12-31,PRESS/DIGITAL MANAGER,1101,12916.67
2024 DEMOCRATIC CAUCUS,LY2024,21DA001,GENERAL EXPENDITURES,EXPEN,PERSONNEL COMPENSATION,11,DETAIL,NA,GL,NA,KILMER OWEN R.,NA,2024-10-01,2024-12-31,COMMUNICATIONS DIRECTOR,1101,35799.99
2024 DEMOCRATIC CAUCUS,LY2024,21DA001,GENERAL EXPENDITURES,EXPEN,PERSONNEL COMPENSATION,11,DETAIL,NA,GL,NA,KOPEL ALEXANDRA E.,NA,2024-10-01,2024-12-31,OPERATIONS DIRECTOR,1101,46416.67
2024 DEMOCRATIC CAUCUS,LY2024,21DA001,GENERAL EXPENDITURES,EXPEN,PERSONNEL COMPENSATION,11,DETAIL,NA,GL,NA,LIM WOOYOUNG,NA,2024-10-01,2024-12-31,SR MEMBER SVCS & POLICY ADVISO,1101,25749.99
2024 DEMOCRATIC CAUCUS,LY2024,21DA001,GENERAL EXPENDITURES,EXPEN,PERSONNEL COMPENSATION,11,DETAIL,NA,GL,NA,MENSIE ALYSSA D,NA,2024-11-01,2024-12-31,MEMBER SVCS AND OUTREACH ADVIS,1101,18416.67
2024 DEMOCRATIC CAUCUS,LY2024,21DA001,GENERAL EXPENDITURES,EXPEN,PERSONNEL COMPENSATION,11,DETAIL,NA,GL,NA,MUNOZ LOPEZ LAURA,NA,2024-10-01,2024-12-31,MEMBER SVCS AND OUTREACH ADVIS,1101,36833.34
2024 DEMOCRATIC CAUCUS,LY2024,21DA001,GENERAL EXPENDITURES,EXPEN,PERSONNEL COMPENSATION,11,DETAIL,NA,GL,NA,NELSON JACOB A.,NA,2024-10-01,2024-12-31,ADVISOR,1101,34166.66
2024 DEMOCRATIC CAUCUS,LY2024,21DA001,GENERAL EXPENDITURES,EXPEN,PERSONNEL COMPENSATION,11,DETAIL,NA,GL,NA,OH JUSTIN S,NA,2024-10-01,2024-12-31,MEMBER SVCS AND OUTREACH ADVIS,1101,30933.34
2024 DEMOCRATIC CAUCUS,LY2024,21DA001,GENERAL EXPENDITURES,EXPEN,PERSONNEL COMPENSATION,11,DETAIL,NA,GL,NA,RIVAS VICTORIA K.,NA,2024-10-01,2024-12-31,POLICY DIRECTOR,1101,31749.99
2024 DEMOCRATIC CAUCUS,LY2024,21DA001,GENERAL EXPENDITURES,EXPEN,PERSONNEL COMPENSATION,11,DETAIL,NA,GL,NA,RODRIGUEZ LUCIA,NA,2024-10-01,2024-12-31,DEPUTY OPERATIONS DIRECTOR,1101,34166.66
2024 DEMOCRATIC CAUCUS,LY2024,21DA001,GENERAL EXPENDITURES,EXPEN,PERSONNEL COMPENSATION,11,DETAIL,NA,GL,NA,ROJAS CLARISSA,NA,2024-10-01,2024-12-31,DEP COMMS DIR/NATIONAL PRESS S,1101,29999.99
2024 DEMOCRATIC CAUCUS,LY2024,21DA001,GENERAL EXPENDITURES,EXPEN,PERSONNEL COMPENSATION,11,DETAIL,NA,GL,NA,SANCHEZ NIGEL,NA,2024-10-01,2024-12-31,SR MEMBER SVCS & POLICY ADVISO,1101,25749.99
2024 DEMOCRATIC CAUCUS,LY2024,21DA001,GENERAL EXPENDITURES,EXPEN,PERSONNEL COMPENSATION,NA,SUBTOTAL,NA,NA,NA,NA,NA,NA,NA,PERSONNEL COMPENSATION TOTALS:,NA,650623.29
2024 DEMOCRATIC CAUCUS,LY2024,21DA001,GENERAL EXPENDITURES,EXPEN,TRAVEL,21,DETAIL,2024-10-10,AP,1782340,CITIBANK GOV CARD SERVICE,33707,2024-09-12,2024-09-12,TAXI/RIDE SHARE,2135,11.1
2024 DEMOCRATIC CAUCUS,LY2024,21DA001,GENERAL EXPENDITURES,EXPEN,TRAVEL,21,DETAIL,2024-10-10,AP,1782340,CITIBANK GOV CARD SERVICE,33707,2024-09-18,2024-09-18,TAXI/RIDE SHARE,2135,12.99
2024 DEMOCRATIC CAUCUS,LY2024,21DA001,GENERAL EXPENDITURES,EXPEN,TRAVEL,21,DETAIL,2024-10-10,AP,1782340,CITIBANK GOV CARD SERVICE,33707,2024-09-19,2024-09-19,TAXI/RIDE SHARE,2135,13.77
2024 DEMOCRATIC CAUCUS,LY2024,21DA001,GENERAL EXPENDITURES,EXPEN,TRAVEL,21,DETAIL,2024-10-10,AP,1782340,CITIBANK GOV CARD SERVICE,33707,2024-09-20,2024-09-20,TAXI/RIDE SHARE,2135,15
2024 DEMOCRATIC CAUCUS,LY2024,21DA001,GENERAL EXPENDITURES,EXPEN,TRAVEL,21,DETAIL,2024-10-18,AP,1783328,MOSES HALIE B.,NA,2024-09-10,2024-09-23,TAXI/RIDE SHARE,2135,94.89
2024 DEMOCRATIC CAUCUS,LY2024,21DA001,GENERAL EXPENDITURES,EXPEN,TRAVEL,21,DETAIL,2024-10-21,AP,1783870,ROJAS CLARISSA,NA,2024-09-18,2024-09-18,PARKING,2136,40
2024 DEMOCRATIC CAUCUS,LY2024,21DA001,GENERAL EXPENDITURES,EXPEN,TRAVEL,21,DETAIL,2024-10-22,AP,1783864,KOPEL ALEXANDRA E.,NA,2024-10-10,2024-10-11,LODGING,2105,1268.28
2024 DEMOCRATIC CAUCUS,LY2024,21DA001,GENERAL EXPENDITURES,EXPEN,TRAVEL,21,DETAIL,2024-10-22,AP,1783864,KOPEL ALEXANDRA E.,NA,2024-09-18,2024-09-24,TAXI/RIDE SHARE,2135,56.85
2024 DEMOCRATIC CAUCUS,LY2024,21DA001,GENERAL EXPENDITURES,EXPEN,TRAVEL,21,DETAIL,2024-10-22,AP,1783864,KOPEL ALEXANDRA E.,NA,2024-10-10,2024-10-10,PARKING,2136,25
2024 DEMOCRATIC CAUCUS,LY2024,21DA001,GENERAL EXPENDITURES,EXPEN,TRAVEL,21,DETAIL,2024-10-22,AP,1783866,ARAZI HADAR,NA,2024-09-10,2024-09-25,TAXI/RIDE SHARE,2135,160.33
2024 DEMOCRATIC CAUCUS,LY2024,21DA001,GENERAL EXPENDITURES,EXPEN,TRAVEL,21,DETAIL,2024-10-22,AP,1783867,ARAZI HADAR,NA,2024-07-23,2024-07-24,TAXI/RIDE SHARE,2135,28.97
2024 DEMOCRATIC CAUCUS,LY2024,21DA001,GENERAL EXPENDITURES,EXPEN,TRAVEL,21,DETAIL,2024-10-23,AP,1783277,CITI PCARD-7-ELEVEN,33707,2024-08-29,2024-08-29,MEALS,2110,5.05
2024 DEMOCRATIC CAUCUS,LY2024,21DA001,GENERAL EXPENDITURES,EXPEN,TRAVEL,21,DETAIL,2024-10-23,AP,1783277,CITI PCARD-SQ  ALBANA'S TAVERNA LLC,33707,2024-08-29,2024-08-29,MEALS,2110,114.86
2024 DEMOCRATIC CAUCUS,LY2024,21DA001,GENERAL EXPENDITURES,EXPEN,TRAVEL,21,DETAIL,2024-10-23,AP,1783277,CITI PCARD-THE NOOK,33707,2024-08-30,2024-08-30,MEALS,2110,122.08
2024 DEMOCRATIC CAUCUS,LY2024,21DA001,GENERAL EXPENDITURES,EXPEN,TRAVEL,21,DETAIL,2024-10-23,AP,1783277,CITI PCARD-TST MAYA,33707,2024-08-29,2024-08-29,MEALS,2110,278.07
2024 DEMOCRATIC CAUCUS,LY2024,21DA001,GENERAL EXPENDITURES,EXPEN,TRAVEL,21,DETAIL,2024-10-24,AP,1783869,ROJAS CLARISSA,NA,2024-08-06,2024-08-27,TAXI/RIDE SHARE,2135,40.71
2024 DEMOCRATIC CAUCUS,LY2024,21DA001,GENERAL EXPENDITURES,EXPEN,TRAVEL,21,DETAIL,2024-10-24,AP,1783869,ROJAS CLARISSA,NA,2024-08-08,2024-08-08,PARKING,2136,25
2024 DEMOCRATIC CAUCUS,LY2024,21DA001,GENERAL EXPENDITURES,EXPEN,TRAVEL,21,DETAIL,2024-10-24,AP,1787897,ROJAS CLARISSA,NA,2024-02-21,2024-02-23,MEALS,2110,156.16
2024 DEMOCRATIC CAUCUS,LY2024,21DA001,GENERAL EXPENDITURES,EXPEN,TRAVEL,21,DETAIL,2024-10-24,AP,1787897,ROJAS CLARISSA,NA,2024-02-21,2024-02-23,TAXI/RIDE SHARE,2135,109.17
2024 DEMOCRATIC CAUCUS,LY2024,21DA001,GENERAL EXPENDITURES,EXPEN,TRAVEL,21,DETAIL,2024-10-24,AP,1787897,ROJAS CLARISSA,NA,2024-02-22,2024-02-23,PARKING,2136,29
2024 DEMOCRATIC CAUCUS,LY2024,21DA001,GENERAL EXPENDITURES,EXPEN,TRAVEL,21,DETAIL,2024-10-24,AP,1787897,ROJAS CLARISSA,NA,2024-02-21,2024-02-21,MISCELLANEOUS TRAVEL,2199,4.49
2024 DEMOCRATIC CAUCUS,LY2024,21DA001,GENERAL EXPENDITURES,EXPEN,TRAVEL,21,DETAIL,2024-11-25,AP,1794407,CITIBANK GOV CARD SERVICE,33707,2024-10-10,2024-10-12,CAR RENTAL,2120,145.53
2024 DEMOCRATIC CAUCUS,LY2024,21DA001,GENERAL EXPENDITURES,EXPEN,TRAVEL,21,DETAIL,2024-11-25,AP,1794407,CITIBANK GOV CARD SERVICE,33707,2024-10-11,2024-10-11,GASOLINE,2125,24.49
2024 DEMOCRATIC CAUCUS,LY2024,21DA001,GENERAL EXPENDITURES,EXPEN,TRAVEL,21,DETAIL,2024-11-25,AP,1794407,CITIBANK GOV CARD SERVICE,33707,2024-10-10,2024-10-11,PARKING,2136,25.35
2024 DEMOCRATIC CAUCUS,LY2024,21DA001,GENERAL EXPENDITURES,EXPEN,TRAVEL,21,DETAIL,2024-11-25,AP,1794408,CITIBANK GOV CARD SERVICE,33707,2024-07-01,2024-07-01,AIRFARE COMMERCIAL TRANSPORT,2101,40
2024 DEMOCRATIC CAUCUS,LY2024,21DA001,GENERAL EXPENDITURES,EXPEN,TRAVEL,21,DETAIL,2024-11-25,AP,1794551,RODRIGUEZ LUCIA,NA,2024-09-19,2024-09-19,TAXI/RIDE SHARE,2135,39.99
2024 DEMOCRATIC CAUCUS,LY2024,21DA001,GENERAL EXPENDITURES,EXPEN,TRAVEL,21,DETAIL,2024-11-25,AP,1794557,RODRIGUEZ LUCIA,NA,2024-11-13,2024-11-18,TAXI/RIDE SHARE,2135,97.61
2024 DEMOCRATIC CAUCUS,LY2024,21DA001,GENERAL EXPENDITURES,EXPEN,TRAVEL,21,DETAIL,2024-11-25,AP,1794562,MOSES HALIE B.,NA,2024-11-19,2024-11-19,TAXI/RIDE SHARE,2135,34.91
2024 DEMOCRATIC CAUCUS,LY2024,21DA001,GENERAL EXPENDITURES,EXPEN,TRAVEL,21,DETAIL,2024-11-26,AP,1794546,ARAZI HADAR,NA,2024-11-13,2024-11-19,TAXI/RIDE SHARE,2135,45.52
2024 DEMOCRATIC CAUCUS,LY2024,21DA001,GENERAL EXPENDITURES,EXPEN,TRAVEL,21,DETAIL,2024-11-27,AP,1794630,CHELEBIAN PETER M.,NA,2024-11-19,2024-11-19,TAXI/RIDE SHARE,2135,11.95
2024 DEMOCRATIC CAUCUS,LY2024,21DA001,GENERAL EXPENDITURES,EXPEN,TRAVEL,21,DETAIL,2024-12-06,AP,1795975,KOPEL ALEXANDRA E.,NA,2024-11-06,2024-12-04,TAXI/RIDE SHARE,2135,84.31
2024 DEMOCRATIC CAUCUS,LY2024,21DA001,GENERAL EXPENDITURES,EXPEN,TRAVEL,21,DETAIL,2024-12-12,AP,1796364,ALFONSO KOLE,NA,2024-11-19,2024-11-19,TAXI/RIDE SHARE,2135,15.99
2024 DEMOCRATIC CAUCUS,LY2024,21DA001,GENERAL EXPENDITURES,EXPEN,TRAVEL,21,DETAIL,2024-12-18,AP,1796918,NELSON JACOB A.,NA,2024-10-10,2024-10-11,LODGING,2105,826.92
2024 DEMOCRATIC CAUCUS,LY2024,21DA001,GENERAL EXPENDITURES,EXPEN,TRAVEL,21,DETAIL,2024-12-18,AP,1796918,NELSON JACOB A.,NA,2024-10-10,2024-10-11,PRIVATE AUTO MILEAGE,2130,205.02
2024 DEMOCRATIC CAUCUS,LY2024,21DA001,GENERAL EXPENDITURES,EXPEN,TRAVEL,21,DETAIL,2024-12-18,AP,1796918,NELSON JACOB A.,NA,2024-10-10,2024-10-10,PARKING,2136,50
2024 DEMOCRATIC CAUCUS,LY2024,21DA001,GENERAL EXPENDITURES,EXPEN,TRAVEL,21,DETAIL,2024-12-18,AP,1796933,NELSON JACOB A.,NA,2024-08-29,2024-08-30,LODGING,2105,456.06
2024 DEMOCRATIC CAUCUS,LY2024,21DA001,GENERAL EXPENDITURES,EXPEN,TRAVEL,21,DETAIL,2024-12-18,AP,1796933,NELSON JACOB A.,NA,2024-08-30,2024-08-30,WI-FI ON TRAVEL,2115,9.95
2024 DEMOCRATIC CAUCUS,LY2024,21DA001,GENERAL EXPENDITURES,EXPEN,TRAVEL,21,DETAIL,2024-12-18,AP,1796933,NELSON JACOB A.,NA,2024-08-29,2024-08-30,PRIVATE AUTO MILEAGE,2130,160.8
2024 DEMOCRATIC CAUCUS,LY2024,21DA001,GENERAL EXPENDITURES,EXPEN,TRAVEL,21,DETAIL,2024-12-18,AP,1797033,DESAI SONALI J.,NA,2024-10-10,2024-10-11,LODGING,2105,413.46
2024 DEMOCRATIC CAUCUS,LY2024,21DA001,GENERAL EXPENDITURES,EXPEN,TRAVEL,21,DETAIL,2024-12-18,AP,1797033,DESAI SONALI J.,NA,2024-10-10,2024-10-11,PRIVATE AUTO MILEAGE,2130,205.02
2024 DEMOCRATIC CAUCUS,LY2024,21DA001,GENERAL EXPENDITURES,EXPEN,TRAVEL,21,DETAIL,2024-12-18,AP,1797033,DESAI SONALI J.,NA,2024-10-10,2024-10-10,PARKING,2136,25
2024 DEMOCRATIC CAUCUS,LY2024,21DA001,GENERAL EXPENDITURES,EXPEN,TRAVEL,21,DETAIL,2024-12-23,AP,1800908,FRY COURTNEY,NA,2024-06-04,2024-06-04,TAXI/RIDE SHARE,2135,15.22
2024 DEMOCRATIC CAUCUS,LY2024,21DA001,GENERAL EXPENDITURES,EXPEN,TRAVEL,21,DETAIL,2024-12-23,AP,1800909,FRY COURTNEY,NA,2024-06-12,2024-06-12,PARKING,2136,52
2024 DEMOCRATIC CAUCUS,LY2024,21DA001,GENERAL EXPENDITURES,EXPEN,TRAVEL,21,DETAIL,2024-12-23,AP,1800913,FRY COURTNEY,NA,2024-10-10,2024-10-11,PRIVATE AUTO MILEAGE,2130,205.02
2024 DEMOCRATIC CAUCUS,LY2024,21DA001,GENERAL EXPENDITURES,EXPEN,TRAVEL,21,DETAIL,2024-12-23,AP,1800913,FRY COURTNEY,NA,2024-09-12,2024-09-12,TAXI/RIDE SHARE,2135,17.5
2024 DEMOCRATIC CAUCUS,LY2024,21DA001,GENERAL EXPENDITURES,EXPEN,TRAVEL,21,DETAIL,2024-12-23,AP,1800914,FRY COURTNEY,NA,2024-12-06,2024-12-06,TAXI/RIDE SHARE,2135,26.14
2024 DEMOCRATIC CAUCUS,LY2024,21DA001,GENERAL EXPENDITURES,EXPEN,TRAVEL,21,DETAIL,2024-12-23,AP,1800924,RODRIGUEZ LUCIA,NA,2024-12-09,2024-12-09,PRIVATE AUTO MILEAGE,2130,9.88
2024 DEMOCRATIC CAUCUS,LY2024,21DA001,GENERAL EXPENDITURES,EXPEN,TRAVEL,21,DETAIL,2024-12-23,AP,1800924,RODRIGUEZ LUCIA,NA,2024-12-04,2024-12-11,TAXI/RIDE SHARE,2135,91.66
2024 DEMOCRATIC CAUCUS,LY2024,21DA001,GENERAL EXPENDITURES,EXPEN,TRAVEL,21,DETAIL,2024-12-23,AP,1800928,ARAZI HADAR,NA,2024-12-04,2024-12-13,TAXI/RIDE SHARE,2135,101.7
2024 DEMOCRATIC CAUCUS,LY2024,21DA001,GENERAL EXPENDITURES,EXPEN,TRAVEL,21,DETAIL,2024-12-23,AP,1800933,RODRIGUEZ LUCIA,NA,2024-12-16,2024-12-17,TAXI/RIDE SHARE,2135,111.12
2024 DEMOCRATIC CAUCUS,LY2024,21DA001,GENERAL EXPENDITURES,EXPEN,TRAVEL,21,DETAIL,2024-12-24,AP,1801098,ARAZI HADAR,NA,2024-12-17,2024-12-19,TAXI/RIDE SHARE,2135,39.51
2024 DEMOCRATIC CAUCUS,LY2024,21DA001,GENERAL EXPENDITURES,EXPEN,TRAVEL,21,DETAIL,2024-12-24,AP,1801101,CHELEBIAN PETER M.,NA,2024-12-04,2024-12-11,TAXI/RIDE SHARE,2135,35.64
2024 DEMOCRATIC CAUCUS,LY2024,21DA001,GENERAL EXPENDITURES,EXPEN,TRAVEL,21,DETAIL,2024-12-24,AP,1801104,MOSES HALIE B.,NA,2024-12-19,2024-12-19,TAXI/RIDE SHARE,2135,28.74
2024 DEMOCRATIC CAUCUS,LY2024,21DA001,GENERAL EXPENDITURES,EXPEN,TRAVEL,21,DETAIL,2024-12-24,AP,1801116,MOSES HALIE B.,NA,2024-12-03,2024-12-17,TAXI/RIDE SHARE,2135,103.31
2024 DEMOCRATIC CAUCUS,LY2024,21DA001,GENERAL EXPENDITURES,EXPEN,TRAVEL,21,DETAIL,2024-12-24,AP,1801124,KOPEL ALEXANDRA E.,NA,2024-12-11,2024-12-11,TAXI/RIDE SHARE,2135,22.08
2024 DEMOCRATIC CAUCUS,LY2024,21DA001,GENERAL EXPENDITURES,EXPEN,TRAVEL,NA,SUBTOTAL,NA,NA,NA,NA,NA,NA,NA,TRAVEL TOTALS:,NA,6389.17
2024 DEMOCRATIC CAUCUS,LY2024,21DA001,GENERAL EXPENDITURES,EXPEN,RENT  COMMUNICATION  UTILITIES,23,DETAIL,2024-10-18,AP,1783252,CITI PCARD-COMPARTES CHOCOLATES,33707,2024-08-13,2024-08-13,POSTAGE / COURIER / BOX RENTAL,2350,635.87
2024 DEMOCRATIC CAUCUS,LY2024,21DA001,GENERAL EXPENDITURES,EXPEN,RENT  COMMUNICATION  UTILITIES,23,DETAIL,2024-10-18,AP,1783252,CITI PCARD-COMPARTES CHOCOLATES,33707,2024-09-16,2024-09-16,POSTAGE / COURIER / BOX RENTAL,2350,164.73
2024 DEMOCRATIC CAUCUS,LY2024,21DA001,GENERAL EXPENDITURES,EXPEN,RENT  COMMUNICATION  UTILITIES,23,DETAIL,2024-10-18,AP,1783252,CITI PCARD-USHR CATERING,33707,2024-09-19,2024-09-19,EQUIP RENTAL (EFF 1/3/03),2370,1660
2024 DEMOCRATIC CAUCUS,LY2024,21DA001,GENERAL EXPENDITURES,EXPEN,RENT  COMMUNICATION  UTILITIES,23,DETAIL,2024-10-22,AP,1783865,CITI PCARD-Spotify USA,33707,2024-09-17,2024-10-16,UTILITIES,2360,12.71
2024 DEMOCRATIC CAUCUS,LY2024,21DA001,GENERAL EXPENDITURES,EXPEN,RENT  COMMUNICATION  UTILITIES,23,DETAIL,2024-10-22,AP,1783865,CITI PCARD-USPS PO 1050091422,33707,2024-09-03,2024-09-03,POSTAGE / COURIER / BOX RENTAL,2350,57.43
2024 DEMOCRATIC CAUCUS,LY2024,21DA001,GENERAL EXPENDITURES,EXPEN,RENT  COMMUNICATION  UTILITIES,23,DETAIL,2024-10-28,GL,EMS0137915,NA,NA,2024-09-01,2024-09-30,DC TELECOM EQUIP (TRANSFER),2320,60
2024 DEMOCRATIC CAUCUS,LY2024,21DA001,GENERAL EXPENDITURES,EXPEN,RENT  COMMUNICATION  UTILITIES,23,DETAIL,2024-10-28,GL,EMS0137915,NA,NA,2024-09-01,2024-09-30,DC TELECOM SERV (TRANSFER),2321,186
2024 DEMOCRATIC CAUCUS,LY2024,21DA001,GENERAL EXPENDITURES,EXPEN,RENT  COMMUNICATION  UTILITIES,23,DETAIL,2024-10-28,GL,EMS0137915,NA,NA,2024-09-01,2024-09-30,DC TELECOM TOLLS (TRANSFER),2322,1729.79
2024 DEMOCRATIC CAUCUS,LY2024,21DA001,GENERAL EXPENDITURES,EXPEN,RENT  COMMUNICATION  UTILITIES,23,DETAIL,2024-10-28,GL,MED0137802,NA,NA,2024-09-23,2024-09-23,HIR GRAPHICS (TRANSFER),2335,70
2024 DEMOCRATIC CAUCUS,LY2024,21DA001,GENERAL EXPENDITURES,EXPEN,RENT  COMMUNICATION  UTILITIES,23,DETAIL,2024-11-25,AP,1794118,CITI PCARD-Spotify USA,33707,2024-10-17,2024-11-17,UTILITIES,2360,12.71
2024 DEMOCRATIC CAUCUS,LY2024,21DA001,GENERAL EXPENDITURES,EXPEN,RENT  COMMUNICATION  UTILITIES,23,DETAIL,2024-11-25,GL,EMS0138477,NA,NA,2024-10-01,2024-10-31,DC TELECOM EQUIP (TRANSFER),2320,60
2024 DEMOCRATIC CAUCUS,LY2024,21DA001,GENERAL EXPENDITURES,EXPEN,RENT  COMMUNICATION  UTILITIES,23,DETAIL,2024-11-25,GL,EMS0138477,NA,NA,2024-10-01,2024-10-31,DC TELECOM SERV (TRANSFER),2321,186
2024 DEMOCRATIC CAUCUS,LY2024,21DA001,GENERAL EXPENDITURES,EXPEN,RENT  COMMUNICATION  UTILITIES,23,DETAIL,2024-11-25,GL,EMS0138477,NA,NA,2024-10-01,2024-10-31,DC TELECOM TOLLS (TRANSFER),2322,1929.51
2024 DEMOCRATIC CAUCUS,LY2024,21DA001,GENERAL EXPENDITURES,EXPEN,RENT  COMMUNICATION  UTILITIES,23,DETAIL,2024-11-26,GL,MED0138520,NA,NA,2024-11-06,2024-11-18,HIR GRAPHICS (TRANSFER),2335,135
2024 DEMOCRATIC CAUCUS,LY2024,21DA001,GENERAL EXPENDITURES,EXPEN,RENT  COMMUNICATION  UTILITIES,23,DETAIL,2024-12-10,AP,1796373,THE AEJ GROUP LLC,37178,2024-11-19,2024-11-19,FRANKABLE TELECOM/TELETOWNHALL,2310,378.72
2024 DEMOCRATIC CAUCUS,LY2024,21DA001,GENERAL EXPENDITURES,EXPEN,RENT  COMMUNICATION  UTILITIES,23,DETAIL,2024-12-23,GL,EMS0139080,NA,NA,2024-11-01,2024-11-30,DC TELECOM EQUIP (TRANSFER),2320,60
2024 DEMOCRATIC CAUCUS,LY2024,21DA001,GENERAL EXPENDITURES,EXPEN,RENT  COMMUNICATION  UTILITIES,23,DETAIL,2024-12-23,GL,EMS0139080,NA,NA,2024-11-01,2024-11-30,DC TELECOM SERV (TRANSFER),2321,186
2024 DEMOCRATIC CAUCUS,LY2024,21DA001,GENERAL EXPENDITURES,EXPEN,RENT  COMMUNICATION  UTILITIES,23,DETAIL,2024-12-23,GL,EMS0139080,NA,NA,2024-11-01,2024-11-30,DC TELECOM TOLLS (TRANSFER),2322,2231.68
2024 DEMOCRATIC CAUCUS,LY2024,21DA001,GENERAL EXPENDITURES,EXPEN,RENT  COMMUNICATION  UTILITIES,23,DETAIL,2024-12-23,GL,MED0139082,NA,NA,2024-12-03,2024-12-17,HIR GRAPHICS (TRANSFER),2335,458.5
2024 DEMOCRATIC CAUCUS,LY2024,21DA001,GENERAL EXPENDITURES,EXPEN,RENT  COMMUNICATION  UTILITIES,23,DETAIL,2024-12-24,AP,1801098,ARAZI HADAR,NA,2024-12-16,2024-12-16,POSTAGE / COURIER / BOX RENTAL,2350,17.3
2024 DEMOCRATIC CAUCUS,LY2024,21DA001,GENERAL EXPENDITURES,EXPEN,RENT  COMMUNICATION  UTILITIES,NA,SUBTOTAL,NA,NA,NA,NA,NA,NA,NA,RENT  COMMUNICATION  UTILITIES TOTALS:,NA,10231.95
2024 DEMOCRATIC CAUCUS,LY2024,21DA001,GENERAL EXPENDITURES,EXPEN,PRINTING AND REPRODUCTION,24,DETAIL,2024-10-28,GL,MED0137802,NA,NA,2024-10-28,2024-10-28,PHOTOGRAPHIC (TRANSFER),2403,11
2024 DEMOCRATIC CAUCUS,LY2024,21DA001,GENERAL EXPENDITURES,EXPEN,PRINTING AND REPRODUCTION,24,DETAIL,2024-11-25,AP,1794411,ACCURATE WORD LLC,11871,2024-11-21,2024-11-21,NON-FRANKABLE PRINTING & REPRO,2402,91.5
2024 DEMOCRATIC CAUCUS,LY2024,21DA001,GENERAL EXPENDITURES,EXPEN,PRINTING AND REPRODUCTION,NA,SUBTOTAL,NA,NA,NA,NA,NA,NA,NA,PRINTING AND REPRODUCTION TOTALS:,NA,102.5
2024 DEMOCRATIC CAUCUS,LY2024,21DA001,GENERAL EXPENDITURES,EXPEN,OTHER SERVICES,25,DETAIL,2024-10-21,AP,1783323,CREATIVENGINE,27537,2024-09-01,2024-09-30,WEB DEV HST EMAIL & RLTD SERV,2572,400
2024 DEMOCRATIC CAUCUS,LY2024,21DA001,GENERAL EXPENDITURES,EXPEN,OTHER SERVICES,25,DETAIL,2024-10-22,AP,1783865,CITI PCARD-DRYY GARMENT CARE,33707,2024-09-18,2024-09-18,LAUNDRY SERVICES,2515,252.1
2024 DEMOCRATIC CAUCUS,LY2024,21DA001,GENERAL EXPENDITURES,EXPEN,OTHER SERVICES,25,DETAIL,2024-10-23,AP,1786881,LANGUAGE LINE SERVICES INC,4849,2024-05-29,2024-09-30,TRANSLATN AND INTERPRET SERV,2529,4554.8
2024 DEMOCRATIC CAUCUS,LY2024,21DA001,GENERAL EXPENDITURES,EXPEN,OTHER SERVICES,25,DETAIL,2024-11-19,AP,1793825,LANGUAGE LINE SERVICES INC,4849,2024-10-01,2024-10-31,TRANSLATN AND INTERPRET SERV,2529,5011.1
2024 DEMOCRATIC CAUCUS,LY2024,21DA001,GENERAL EXPENDITURES,EXPEN,OTHER SERVICES,25,DETAIL,2024-11-20,AP,1793829,CREATIVENGINE,27537,2024-10-01,2024-10-31,WEB DEV HST EMAIL & RLTD SERV,2572,400
2024 DEMOCRATIC CAUCUS,LY2024,21DA001,GENERAL EXPENDITURES,EXPEN,OTHER SERVICES,25,DETAIL,2024-11-25,AP,1794118,CITI PCARD-AIRTABLE.COM/BILL,33707,2024-10-17,2024-11-17,TECHNOLOGY SERVICE CONTRACTS,2571,279.84
2024 DEMOCRATIC CAUCUS,LY2024,21DA001,GENERAL EXPENDITURES,EXPEN,OTHER SERVICES,25,DETAIL,2024-11-25,AP,1794118,CITI PCARD-DRYY GARMENT CARE,33707,2024-09-30,2024-09-30,LAUNDRY SERVICES,2515,250.07
2024 DEMOCRATIC CAUCUS,LY2024,21DA001,GENERAL EXPENDITURES,EXPEN,OTHER SERVICES,25,DETAIL,2024-11-25,AP,1794118,CITI PCARD-DRYY GARMENT CARE,33707,2024-10-16,2024-10-16,LAUNDRY SERVICES,2515,132.06
2024 DEMOCRATIC CAUCUS,LY2024,21DA001,GENERAL EXPENDITURES,EXPEN,OTHER SERVICES,25,DETAIL,2024-11-25,AP,1794118,CITI PCARD-DRYY GARMENT CARE,33707,2024-10-23,2024-10-23,LAUNDRY SERVICES,2515,22.01
2024 DEMOCRATIC CAUCUS,LY2024,21DA001,GENERAL EXPENDITURES,EXPEN,OTHER SERVICES,25,DETAIL,2024-11-25,AP,1794118,CITI PCARD-GOOGLE  GSUITE_reppeteagu,33707,2024-09-01,2024-09-30,TECHNOLOGY SERVICE CONTRACTS,2571,173.5
2024 DEMOCRATIC CAUCUS,LY2024,21DA001,GENERAL EXPENDITURES,EXPEN,OTHER SERVICES,25,DETAIL,2024-12-06,AP,1796057,LANGUAGE LINE SERVICES INC,4849,2024-10-28,2024-11-25,TRANSLATN AND INTERPRET SERV,2529,3105.75
2024 DEMOCRATIC CAUCUS,LY2024,21DA001,GENERAL EXPENDITURES,EXPEN,OTHER SERVICES,NA,SUBTOTAL,NA,NA,NA,NA,NA,NA,NA,OTHER SERVICES TOTALS:,NA,14581.23
2024 DEMOCRATIC CAUCUS,LY2024,21DA001,GENERAL EXPENDITURES,EXPEN,SUPPLIES AND MATERIALS,26,DETAIL,2024-10-18,AP,1783252,CITI PCARD-AMAZON MKTPL 7B5Y36VZ3,33707,2024-09-09,2024-09-09,OFFICE SUPPLIES (OUTSIDE),2620,74.54
2024 DEMOCRATIC CAUCUS,LY2024,21DA001,GENERAL EXPENDITURES,EXPEN,SUPPLIES AND MATERIALS,26,DETAIL,2024-10-18,AP,1783252,CITI PCARD-Amazon.com RK3TZ2HE0,33707,2024-08-30,2024-08-30,OFFICE SUPPLIES (OUTSIDE),2620,34
2024 DEMOCRATIC CAUCUS,LY2024,21DA001,GENERAL EXPENDITURES,EXPEN,SUPPLIES AND MATERIALS,26,DETAIL,2024-10-18,AP,1783252,CITI PCARD-Amazon.com Z80S47390,33707,2024-09-09,2024-09-09,FOOD & BEVERAGE,2603,23.92
2024 DEMOCRATIC CAUCUS,LY2024,21DA001,GENERAL EXPENDITURES,EXPEN,SUPPLIES AND MATERIALS,26,DETAIL,2024-10-18,AP,1783252,CITI PCARD-Amazon.com Z81244370,33707,2024-09-09,2024-09-09,FOOD & BEVERAGE,2603,46.68
2024 DEMOCRATIC CAUCUS,LY2024,21DA001,GENERAL EXPENDITURES,EXPEN,SUPPLIES AND MATERIALS,26,DETAIL,2024-10-18,AP,1783252,CITI PCARD-Amazon.com Z88LY7LQ0,33707,2024-09-09,2024-09-09,FOOD & BEVERAGE,2603,23.92
2024 DEMOCRATIC CAUCUS,LY2024,21DA001,GENERAL EXPENDITURES,EXPEN,SUPPLIES AND MATERIALS,26,DETAIL,2024-10-18,AP,1783252,CITI PCARD-Amazon.com ZT8EX0F80,33707,2024-09-03,2024-09-03,PUBLICATIONS/REFERENCE MAT'L,2630,619.2
2024 DEMOCRATIC CAUCUS,LY2024,21DA001,GENERAL EXPENDITURES,EXPEN,SUPPLIES AND MATERIALS,26,DETAIL,2024-10-18,AP,1783252,CITI PCARD-SQ  TAQUERIA HABANERO CAT,33707,2024-08-20,2024-08-20,FOOD & BEVERAGE,2603,1799.85
2024 DEMOCRATIC CAUCUS,LY2024,21DA001,GENERAL EXPENDITURES,EXPEN,SUPPLIES AND MATERIALS,26,DETAIL,2024-10-18,AP,1783252,CITI PCARD-TST  TATTE BAKERY - DC CA,33707,2024-09-25,2024-09-25,FOOD & BEVERAGE,2603,423.05
2024 DEMOCRATIC CAUCUS,LY2024,21DA001,GENERAL EXPENDITURES,EXPEN,SUPPLIES AND MATERIALS,26,DETAIL,2024-10-18,AP,1783252,CITI PCARD-TST PADAEK - ARLINGTON,33707,2024-09-12,2024-09-12,FOOD & BEVERAGE,2603,2724
2024 DEMOCRATIC CAUCUS,LY2024,21DA001,GENERAL EXPENDITURES,EXPEN,SUPPLIES AND MATERIALS,26,DETAIL,2024-10-18,AP,1783252,CITI PCARD-USHR CATERING,33707,2024-09-19,2024-09-19,FOOD & BEVERAGE,2603,855.18
2024 DEMOCRATIC CAUCUS,LY2024,21DA001,GENERAL EXPENDITURES,EXPEN,SUPPLIES AND MATERIALS,26,DETAIL,2024-10-18,AP,1783252,CITI PCARD-USHR CATERING,33707,2024-09-20,2024-09-20,FOOD & BEVERAGE,2603,827.15
2024 DEMOCRATIC CAUCUS,LY2024,21DA001,GENERAL EXPENDITURES,EXPEN,SUPPLIES AND MATERIALS,26,DETAIL,2024-10-22,AP,1783278,CITI PCARD-TST  TATTE BAKERY - DC CA,33707,2024-09-26,2024-09-26,FOOD & BEVERAGE,2603,578.96
2024 DEMOCRATIC CAUCUS,LY2024,21DA001,GENERAL EXPENDITURES,EXPEN,SUPPLIES AND MATERIALS,26,DETAIL,2024-10-22,AP,1783278,CITI PCARD-UBER    EATS,33707,2024-09-10,2024-09-10,FOOD & BEVERAGE,2603,70.21
2024 DEMOCRATIC CAUCUS,LY2024,21DA001,GENERAL EXPENDITURES,EXPEN,SUPPLIES AND MATERIALS,26,DETAIL,2024-10-22,AP,1783278,CITI PCARD-USHR CATERING,33707,2024-09-19,2024-09-19,FOOD & BEVERAGE,2603,45.82
2024 DEMOCRATIC CAUCUS,LY2024,21DA001,GENERAL EXPENDITURES,EXPEN,SUPPLIES AND MATERIALS,26,DETAIL,2024-10-22,AP,1783865,CITI PCARD-ADOBE   ADOBE,33707,2024-09-10,2024-10-09,SOFTWARE  LESS THAN  $500,2623,95.39
2024 DEMOCRATIC CAUCUS,LY2024,21DA001,GENERAL EXPENDITURES,EXPEN,SUPPLIES AND MATERIALS,26,DETAIL,2024-10-22,AP,1783865,CITI PCARD-ADOBE   ADOBE,33707,2024-09-13,2024-10-12,SOFTWARE  LESS THAN  $500,2623,13.77
2024 DEMOCRATIC CAUCUS,LY2024,21DA001,GENERAL EXPENDITURES,EXPEN,SUPPLIES AND MATERIALS,26,DETAIL,2024-10-22,AP,1783865,CITI PCARD-ADOBE   ADOBE,33707,2024-09-10,2024-10-09,PUBLICATIONS/REFERENCE MAT'L,2630,31.79
2024 DEMOCRATIC CAUCUS,LY2024,21DA001,GENERAL EXPENDITURES,EXPEN,SUPPLIES AND MATERIALS,26,DETAIL,2024-10-22,AP,1783865,CITI PCARD-AIRTABLE.COM/BILL,33707,2024-07-17,2024-09-17,SOFTWARE  LESS THAN  $500,2623,31.83
2024 DEMOCRATIC CAUCUS,LY2024,21DA001,GENERAL EXPENDITURES,EXPEN,SUPPLIES AND MATERIALS,26,DETAIL,2024-10-22,AP,1783865,CITI PCARD-AIRTABLE.COM/BILL,33707,2024-09-17,2024-10-17,SOFTWARE  LESS THAN  $500,2623,279.84
2024 DEMOCRATIC CAUCUS,LY2024,21DA001,GENERAL EXPENDITURES,EXPEN,SUPPLIES AND MATERIALS,26,DETAIL,2024-10-22,AP,1783865,CITI PCARD-AMAZON MARK  ZT5JN2ZY1,33707,2024-09-03,2024-09-03,OFFICE SUPPLIES (OUTSIDE),2620,11.39
2024 DEMOCRATIC CAUCUS,LY2024,21DA001,GENERAL EXPENDITURES,EXPEN,SUPPLIES AND MATERIALS,26,DETAIL,2024-10-22,AP,1783865,CITI PCARD-AMAZON MKTPL WS3DM88U3,33707,2024-09-26,2024-09-26,OFFICE SUPPLIES (OUTSIDE),2620,25.78
2024 DEMOCRATIC CAUCUS,LY2024,21DA001,GENERAL EXPENDITURES,EXPEN,SUPPLIES AND MATERIALS,26,DETAIL,2024-10-22,AP,1783865,CITI PCARD-AMAZON RETA  HG11Y6F63,33707,2024-09-13,2024-09-13,OFFICE SUPPLIES (OUTSIDE),2620,107.48
2024 DEMOCRATIC CAUCUS,LY2024,21DA001,GENERAL EXPENDITURES,EXPEN,SUPPLIES AND MATERIALS,26,DETAIL,2024-10-22,AP,1783865,CITI PCARD-AMZN Mktp US DH4P744P3,33707,2024-09-25,2024-09-25,FOOD & BEVERAGE,2603,67.17
2024 DEMOCRATIC CAUCUS,LY2024,21DA001,GENERAL EXPENDITURES,EXPEN,SUPPLIES AND MATERIALS,26,DETAIL,2024-10-22,AP,1783865,CITI PCARD-Google LLC GSUITE_reppete,33707,2024-08-01,2024-08-31,SOFTWARE  LESS THAN  $500,2623,176.76
2024 DEMOCRATIC CAUCUS,LY2024,21DA001,GENERAL EXPENDITURES,EXPEN,SUPPLIES AND MATERIALS,26,DETAIL,2024-10-22,AP,1783865,CITI PCARD-LEGISTORM LLC,33707,2024-09-18,2024-10-18,PUBLICATIONS/REFERENCE MAT'L,2630,11.95
2024 DEMOCRATIC CAUCUS,LY2024,21DA001,GENERAL EXPENDITURES,EXPEN,SUPPLIES AND MATERIALS,26,DETAIL,2024-10-22,AP,1783865,CITI PCARD-POTOMAC FLORAL WHOLESALE,33707,2024-09-21,2024-09-21,HABITATION EXPENSE,2610,448.61
2024 DEMOCRATIC CAUCUS,LY2024,21DA001,GENERAL EXPENDITURES,EXPEN,SUPPLIES AND MATERIALS,26,DETAIL,2024-10-22,AP,1783865,CITI PCARD-QUALITY LOGO PRODUCTS,33707,2024-09-25,2024-09-25,OFFICE SUPPLIES (OUTSIDE),2620,849.14
2024 DEMOCRATIC CAUCUS,LY2024,21DA001,GENERAL EXPENDITURES,EXPEN,SUPPLIES AND MATERIALS,26,DETAIL,2024-10-22,AP,1783865,CITI PCARD-STRIPO.EMAIL,33707,2024-09-03,2024-10-03,SOFTWARE  LESS THAN  $500,2623,95
2024 DEMOCRATIC CAUCUS,LY2024,21DA001,GENERAL EXPENDITURES,EXPEN,SUPPLIES AND MATERIALS,26,DETAIL,2024-10-22,AP,1783865,CITI PCARD-TURBOBRIDGE,33707,2024-09-14,2024-10-14,SOFTWARE  LESS THAN  $500,2623,9.95
2024 DEMOCRATIC CAUCUS,LY2024,21DA001,GENERAL EXPENDITURES,EXPEN,SUPPLIES AND MATERIALS,26,DETAIL,2024-10-23,AP,1783277,CITI PCARD-BROWN BUTTER COOKIE COMPA,33707,2024-09-06,2024-09-06,FOOD & BEVERAGE,2603,399.89
2024 DEMOCRATIC CAUCUS,LY2024,21DA001,GENERAL EXPENDITURES,EXPEN,SUPPLIES AND MATERIALS,26,DETAIL,2024-10-23,AP,1783277,CITI PCARD-SAINT GERMAIN CATERING,33707,2024-09-10,2024-09-10,FOOD & BEVERAGE,2603,3883.6
2024 DEMOCRATIC CAUCUS,LY2024,21DA001,GENERAL EXPENDITURES,EXPEN,SUPPLIES AND MATERIALS,26,DETAIL,2024-10-23,AP,1783277,CITI PCARD-SAINT GERMAIN CATERING,33707,2024-09-11,2024-09-11,FOOD & BEVERAGE,2603,3852.4
2024 DEMOCRATIC CAUCUS,LY2024,21DA001,GENERAL EXPENDITURES,EXPEN,SUPPLIES AND MATERIALS,26,DETAIL,2024-10-23,AP,1783277,CITI PCARD-SAINT GERMAIN CATERING,33707,2024-09-19,2024-09-19,FOOD & BEVERAGE,2603,3839.15
2024 DEMOCRATIC CAUCUS,LY2024,21DA001,GENERAL EXPENDITURES,EXPEN,SUPPLIES AND MATERIALS,26,DETAIL,2024-10-23,AP,1783277,CITI PCARD-SAINT GERMAIN CATERING,33707,2024-09-24,2024-09-24,FOOD & BEVERAGE,2603,3999.65
2024 DEMOCRATIC CAUCUS,LY2024,21DA001,GENERAL EXPENDITURES,EXPEN,SUPPLIES AND MATERIALS,26,DETAIL,2024-10-23,AP,1783277,CITI PCARD-SAINT GERMAIN CATERING,33707,2024-09-25,2024-09-25,FOOD & BEVERAGE,2603,3839.15
2024 DEMOCRATIC CAUCUS,LY2024,21DA001,GENERAL EXPENDITURES,EXPEN,SUPPLIES AND MATERIALS,26,DETAIL,2024-10-23,AP,1783277,CITI PCARD-TST  TATTE BAKERY - DC CA,33707,2024-09-17,2024-09-17,FOOD & BEVERAGE,2603,440.9
2024 DEMOCRATIC CAUCUS,LY2024,21DA001,GENERAL EXPENDITURES,EXPEN,SUPPLIES AND MATERIALS,26,DETAIL,2024-10-23,AP,1783277,CITI PCARD-TST EL VIEJO CENTRAL AME,33707,2024-09-23,2024-09-23,FOOD & BEVERAGE,2603,3848
2024 DEMOCRATIC CAUCUS,LY2024,21DA001,GENERAL EXPENDITURES,EXPEN,SUPPLIES AND MATERIALS,26,DETAIL,2024-10-23,AP,1783277,CITI PCARD-USHR CATERING,33707,2024-09-11,2024-09-11,FOOD & BEVERAGE,2603,1009.38
2024 DEMOCRATIC CAUCUS,LY2024,21DA001,GENERAL EXPENDITURES,EXPEN,SUPPLIES AND MATERIALS,26,DETAIL,2024-10-23,AP,1783277,CITI PCARD-WE THE PIZZA,33707,2024-09-13,2024-09-13,FOOD & BEVERAGE,2603,281.19
2024 DEMOCRATIC CAUCUS,LY2024,21DA001,GENERAL EXPENDITURES,EXPEN,SUPPLIES AND MATERIALS,26,DETAIL,2024-10-23,AP,1783938,CITI PCARD-HARRISTEETER #383,33707,2024-09-23,2024-09-23,FOOD & BEVERAGE,2603,19.96
2024 DEMOCRATIC CAUCUS,LY2024,21DA001,GENERAL EXPENDITURES,EXPEN,SUPPLIES AND MATERIALS,26,DETAIL,2024-10-23,AP,1783938,CITI PCARD-IC  COSTCO BY IN   CAR,33707,2024-09-06,2024-09-06,FOOD & BEVERAGE,2603,563.65
2024 DEMOCRATIC CAUCUS,LY2024,21DA001,GENERAL EXPENDITURES,EXPEN,SUPPLIES AND MATERIALS,26,DETAIL,2024-10-23,AP,1783938,CITI PCARD-IC  COSTCO BY IN   CAR,33707,2024-09-19,2024-09-19,FOOD & BEVERAGE,2603,104.64
2024 DEMOCRATIC CAUCUS,LY2024,21DA001,GENERAL EXPENDITURES,EXPEN,SUPPLIES AND MATERIALS,26,DETAIL,2024-10-23,AP,1783938,CITI PCARD-IC  INSTACART,33707,2024-09-09,2024-09-09,FOOD & BEVERAGE,2603,61.59
2024 DEMOCRATIC CAUCUS,LY2024,21DA001,GENERAL EXPENDITURES,EXPEN,SUPPLIES AND MATERIALS,26,DETAIL,2024-10-23,AP,1783938,CITI PCARD-IC  INSTACART,33707,2024-09-13,2024-09-13,FOOD & BEVERAGE,2603,78.71
2024 DEMOCRATIC CAUCUS,LY2024,21DA001,GENERAL EXPENDITURES,EXPEN,SUPPLIES AND MATERIALS,26,DETAIL,2024-10-23,AP,1786879,CITI PCARD-IC  COSTCO BY IN   CAR,33707,2024-09-11,2024-09-11,FOOD & BEVERAGE,2603,65.05
2024 DEMOCRATIC CAUCUS,LY2024,21DA001,GENERAL EXPENDITURES,EXPEN,SUPPLIES AND MATERIALS,26,DETAIL,2024-10-23,AP,1786879,CITI PCARD-IC  COSTCO BY IN   CAR,33707,2024-09-22,2024-09-22,FOOD & BEVERAGE,2603,63.19
2024 DEMOCRATIC CAUCUS,LY2024,21DA001,GENERAL EXPENDITURES,EXPEN,SUPPLIES AND MATERIALS,26,DETAIL,2024-10-23,AP,1786879,CITI PCARD-IC  COSTCO BY IN   CAR,33707,2024-09-11,2024-09-11,OFFICE SUPPLIES (OUTSIDE),2620,65.55
2024 DEMOCRATIC CAUCUS,LY2024,21DA001,GENERAL EXPENDITURES,EXPEN,SUPPLIES AND MATERIALS,26,DETAIL,2024-10-23,AP,1786879,CITI PCARD-IC  COSTCO BY IN   CAR,33707,2024-09-22,2024-09-22,OFFICE SUPPLIES (OUTSIDE),2620,56.8
2024 DEMOCRATIC CAUCUS,LY2024,21DA001,GENERAL EXPENDITURES,EXPEN,SUPPLIES AND MATERIALS,26,DETAIL,2024-10-23,AP,1786879,CITI PCARD-IC  INSTACART,33707,2024-09-06,2024-09-06,FOOD & BEVERAGE,2603,64.34
2024 DEMOCRATIC CAUCUS,LY2024,21DA001,GENERAL EXPENDITURES,EXPEN,SUPPLIES AND MATERIALS,26,DETAIL,2024-10-23,AP,1786879,CITI PCARD-IC  INSTACART,33707,2024-09-06,2024-09-06,HABITATION EXPENSE,2610,5.97
2024 DEMOCRATIC CAUCUS,LY2024,21DA001,GENERAL EXPENDITURES,EXPEN,SUPPLIES AND MATERIALS,26,DETAIL,2024-10-24,AP,1787897,ROJAS CLARISSA,NA,2024-02-22,2024-02-22,OFFICE SUPPLIES (OUTSIDE),2620,19.79
2024 DEMOCRATIC CAUCUS,LY2024,21DA001,GENERAL EXPENDITURES,EXPEN,SUPPLIES AND MATERIALS,26,DETAIL,2024-10-31,GL,RMS0137962,NA,NA,2024-10-01,2024-10-31,OFFICE SUPPLY (TRANSFER),2621,20.4
2024 DEMOCRATIC CAUCUS,LY2024,21DA001,GENERAL EXPENDITURES,EXPEN,SUPPLIES AND MATERIALS,26,DETAIL,2024-11-21,AP,1790650,CITI PCARD-BROWN BUTTER COOKIE COMPA,33707,2024-10-22,2024-10-22,FOOD & BEVERAGE,2603,10341.64
2024 DEMOCRATIC CAUCUS,LY2024,21DA001,GENERAL EXPENDITURES,EXPEN,SUPPLIES AND MATERIALS,26,DETAIL,2024-11-25,AP,1794118,CITI PCARD-4IMPRINT INC,33707,2024-09-25,2024-09-25,OFFICE SUPPLIES (OUTSIDE),2620,569.91
2024 DEMOCRATIC CAUCUS,LY2024,21DA001,GENERAL EXPENDITURES,EXPEN,SUPPLIES AND MATERIALS,26,DETAIL,2024-11-25,AP,1794118,CITI PCARD-AMERICAN MADE BAGS,33707,2024-10-18,2024-10-18,OFFICE SUPPLIES (OUTSIDE),2620,942.29
2024 DEMOCRATIC CAUCUS,LY2024,21DA001,GENERAL EXPENDITURES,EXPEN,SUPPLIES AND MATERIALS,26,DETAIL,2024-11-25,AP,1794118,CITI PCARD-DD DOORDASH LOSCHORRO,33707,2024-07-07,2024-07-07,FOOD & BEVERAGE,2603,65.36
2024 DEMOCRATIC CAUCUS,LY2024,21DA001,GENERAL EXPENDITURES,EXPEN,SUPPLIES AND MATERIALS,26,DETAIL,2024-11-25,AP,1794118,CITI PCARD-LEGISTORM LLC,33707,2024-10-18,2024-11-18,PUBLICATIONS/REFERENCE MAT'L,2630,11.95
2024 DEMOCRATIC CAUCUS,LY2024,21DA001,GENERAL EXPENDITURES,EXPEN,SUPPLIES AND MATERIALS,26,DETAIL,2024-11-25,AP,1794118,CITI PCARD-PERSONAL PAYMENT,33707,2024-07-07,2024-07-07,FOOD & BEVERAGE,2603,-65.36
2024 DEMOCRATIC CAUCUS,LY2024,21DA001,GENERAL EXPENDITURES,EXPEN,SUPPLIES AND MATERIALS,26,DETAIL,2024-11-25,AP,1794118,CITI PCARD-STRIPO.EMAIL,33707,2024-10-03,2024-11-03,SOFTWARE  LESS THAN  $500,2623,95
2024 DEMOCRATIC CAUCUS,LY2024,21DA001,GENERAL EXPENDITURES,EXPEN,SUPPLIES AND MATERIALS,26,DETAIL,2024-11-25,AP,1794118,CITI PCARD-WASHINGTONIAN MEDIA I,33707,2024-10-23,2024-10-23,PUBLICATIONS/REFERENCE MAT'L,2630,140
2024 DEMOCRATIC CAUCUS,LY2024,21DA001,GENERAL EXPENDITURES,EXPEN,SUPPLIES AND MATERIALS,26,DETAIL,2024-11-25,AP,1794551,RODRIGUEZ LUCIA,NA,2024-09-19,2024-09-19,FOOD & BEVERAGE,2603,37
2024 DEMOCRATIC CAUCUS,LY2024,21DA001,GENERAL EXPENDITURES,EXPEN,SUPPLIES AND MATERIALS,26,DETAIL,2024-11-25,AP,1794557,RODRIGUEZ LUCIA,NA,2024-11-14,2024-11-14,FOOD & BEVERAGE,2603,37.98
2024 DEMOCRATIC CAUCUS,LY2024,21DA001,GENERAL EXPENDITURES,EXPEN,SUPPLIES AND MATERIALS,26,DETAIL,2024-11-26,AP,1794409,CITI PCARD-ADOBE   ADOBE,33707,2024-10-10,2024-11-09,SOFTWARE  LESS THAN  $500,2623,95.39
2024 DEMOCRATIC CAUCUS,LY2024,21DA001,GENERAL EXPENDITURES,EXPEN,SUPPLIES AND MATERIALS,26,DETAIL,2024-11-26,AP,1794409,CITI PCARD-ADOBE   ADOBE,33707,2024-10-13,2024-11-12,SOFTWARE  LESS THAN  $500,2623,13.77
2024 DEMOCRATIC CAUCUS,LY2024,21DA001,GENERAL EXPENDITURES,EXPEN,SUPPLIES AND MATERIALS,26,DETAIL,2024-11-26,AP,1794409,CITI PCARD-ADOBE   ADOBE,33707,2024-10-10,2024-11-09,PUBLICATIONS/REFERENCE MAT'L,2630,31.79
2024 DEMOCRATIC CAUCUS,LY2024,21DA001,GENERAL EXPENDITURES,EXPEN,SUPPLIES AND MATERIALS,26,DETAIL,2024-11-26,AP,1794409,CITI PCARD-AMAZON MKTPL 4Z8PQ9UA3,33707,2024-09-25,2024-09-25,FOOD & BEVERAGE,2603,58.72
2024 DEMOCRATIC CAUCUS,LY2024,21DA001,GENERAL EXPENDITURES,EXPEN,SUPPLIES AND MATERIALS,26,DETAIL,2024-11-26,AP,1794409,CITI PCARD-AMAZON MKTPL 4Z8PQ9UA3,33707,2024-09-25,2024-09-25,OFFICE SUPPLIES (OUTSIDE),2620,66.15
2024 DEMOCRATIC CAUCUS,LY2024,21DA001,GENERAL EXPENDITURES,EXPEN,SUPPLIES AND MATERIALS,26,DETAIL,2024-11-26,AP,1794409,CITI PCARD-AMAZON MKTPL 5S4X938T3,33707,2024-10-22,2024-10-22,FOOD & BEVERAGE,2603,24.99
2024 DEMOCRATIC CAUCUS,LY2024,21DA001,GENERAL EXPENDITURES,EXPEN,SUPPLIES AND MATERIALS,26,DETAIL,2024-11-26,AP,1794409,CITI PCARD-AMAZON MKTPL A38PL92S3,33707,2024-10-22,2024-10-22,FOOD & BEVERAGE,2603,22.59
2024 DEMOCRATIC CAUCUS,LY2024,21DA001,GENERAL EXPENDITURES,EXPEN,SUPPLIES AND MATERIALS,26,DETAIL,2024-11-26,AP,1794409,CITI PCARD-AMAZON MKTPL LV43L1ZW3,33707,2024-10-15,2024-10-15,OFFICE SUPPLIES (OUTSIDE),2620,113.4
2024 DEMOCRATIC CAUCUS,LY2024,21DA001,GENERAL EXPENDITURES,EXPEN,SUPPLIES AND MATERIALS,26,DETAIL,2024-11-26,AP,1794409,CITI PCARD-AMAZON MKTPL Q71HD14S3,33707,2024-10-07,2024-10-07,FOOD & BEVERAGE,2603,136
2024 DEMOCRATIC CAUCUS,LY2024,21DA001,GENERAL EXPENDITURES,EXPEN,SUPPLIES AND MATERIALS,26,DETAIL,2024-11-26,AP,1794409,CITI PCARD-AMAZON MKTPL Q71HD14S3,33707,2024-10-07,2024-10-07,OFFICE SUPPLIES (OUTSIDE),2620,83.79
2024 DEMOCRATIC CAUCUS,LY2024,21DA001,GENERAL EXPENDITURES,EXPEN,SUPPLIES AND MATERIALS,26,DETAIL,2024-11-26,AP,1794409,CITI PCARD-AMAZON MKTPL YW8CK79M3,33707,2024-10-21,2024-10-21,OFFICE SUPPLIES (OUTSIDE),2620,456.15
2024 DEMOCRATIC CAUCUS,LY2024,21DA001,GENERAL EXPENDITURES,EXPEN,SUPPLIES AND MATERIALS,26,DETAIL,2024-11-26,AP,1794409,CITI PCARD-AMAZON RETA  UC9X94GM3,33707,2024-10-15,2024-10-15,OFFICE SUPPLIES (OUTSIDE),2620,19.68
2024 DEMOCRATIC CAUCUS,LY2024,21DA001,GENERAL EXPENDITURES,EXPEN,SUPPLIES AND MATERIALS,26,DETAIL,2024-11-26,AP,1794409,CITI PCARD-BARREL,33707,2024-09-30,2024-09-30,FOOD & BEVERAGE,2603,125.13
2024 DEMOCRATIC CAUCUS,LY2024,21DA001,GENERAL EXPENDITURES,EXPEN,SUPPLIES AND MATERIALS,26,DETAIL,2024-11-26,AP,1794409,CITI PCARD-BONCHON NAVY YARD ONLINE,33707,2024-09-27,2024-09-27,FOOD & BEVERAGE,2603,459.69
2024 DEMOCRATIC CAUCUS,LY2024,21DA001,GENERAL EXPENDITURES,EXPEN,SUPPLIES AND MATERIALS,26,DETAIL,2024-11-26,AP,1794409,CITI PCARD-IC  COSTCO BY IN   CAR,33707,2024-09-27,2024-09-27,FOOD & BEVERAGE,2603,279.43
2024 DEMOCRATIC CAUCUS,LY2024,21DA001,GENERAL EXPENDITURES,EXPEN,SUPPLIES AND MATERIALS,26,DETAIL,2024-11-26,AP,1794409,CITI PCARD-IC  COSTCO BY INSTACAR,33707,2024-10-07,2024-10-07,FOOD & BEVERAGE,2603,428.97
2024 DEMOCRATIC CAUCUS,LY2024,21DA001,GENERAL EXPENDITURES,EXPEN,SUPPLIES AND MATERIALS,26,DETAIL,2024-11-26,AP,1794409,CITI PCARD-IC  COSTCO BY INSTACAR,33707,2024-10-07,2024-10-07,OFFICE SUPPLIES (OUTSIDE),2620,20.76
2024 DEMOCRATIC CAUCUS,LY2024,21DA001,GENERAL EXPENDITURES,EXPEN,SUPPLIES AND MATERIALS,26,DETAIL,2024-11-26,AP,1794409,CITI PCARD-NESPRESSO USA INC.,33707,2024-10-07,2024-10-07,FOOD & BEVERAGE,2603,238.3
2024 DEMOCRATIC CAUCUS,LY2024,21DA001,GENERAL EXPENDITURES,EXPEN,SUPPLIES AND MATERIALS,26,DETAIL,2024-11-26,AP,1794409,CITI PCARD-SQ  CHILTON MARKETING CO,33707,2024-10-04,2024-10-04,OFFICE SUPPLIES (OUTSIDE),2620,1449.6
2024 DEMOCRATIC CAUCUS,LY2024,21DA001,GENERAL EXPENDITURES,EXPEN,SUPPLIES AND MATERIALS,26,DETAIL,2024-11-26,AP,1794409,CITI PCARD-TST  TATTE BAKERY - DC CA,33707,2024-09-26,2024-09-26,FOOD & BEVERAGE,2603,-578.96
2024 DEMOCRATIC CAUCUS,LY2024,21DA001,GENERAL EXPENDITURES,EXPEN,SUPPLIES AND MATERIALS,26,DETAIL,2024-11-26,AP,1794409,CITI PCARD-TST AMBER OX PUBLIC HOUS,33707,2024-10-10,2024-10-10,FOOD & BEVERAGE,2603,446.76
2024 DEMOCRATIC CAUCUS,LY2024,21DA001,GENERAL EXPENDITURES,EXPEN,SUPPLIES AND MATERIALS,26,DETAIL,2024-11-26,AP,1794409,CITI PCARD-TURBOBRIDGE,33707,2024-10-14,2024-11-13,SOFTWARE  LESS THAN  $500,2623,9.95
2024 DEMOCRATIC CAUCUS,LY2024,21DA001,GENERAL EXPENDITURES,EXPEN,SUPPLIES AND MATERIALS,26,DETAIL,2024-11-26,AP,1794409,CITI PCARD-UBER    EATS,33707,2024-09-12,2024-09-12,FOOD & BEVERAGE,2603,119.64
2024 DEMOCRATIC CAUCUS,LY2024,21DA001,GENERAL EXPENDITURES,EXPEN,SUPPLIES AND MATERIALS,26,DETAIL,2024-11-26,AP,1794409,CITI PCARD-VERIZON WRLS D6248-01,33707,2024-09-26,2024-09-26,OFFICE SUPPLIES (OUTSIDE),2620,37.49
2024 DEMOCRATIC CAUCUS,LY2024,21DA001,GENERAL EXPENDITURES,EXPEN,SUPPLIES AND MATERIALS,26,DETAIL,2024-11-26,AP,1794409,CITI PCARD-WAWA,33707,2024-10-10,2024-10-10,FOOD & BEVERAGE,2603,39.91
2024 DEMOCRATIC CAUCUS,LY2024,21DA001,GENERAL EXPENDITURES,EXPEN,SUPPLIES AND MATERIALS,26,DETAIL,2024-11-26,AP,1794409,CITI PCARD-WE THE PIZZA,33707,2024-09-30,2024-09-30,FOOD & BEVERAGE,2603,252.35
2024 DEMOCRATIC CAUCUS,LY2024,21DA001,GENERAL EXPENDITURES,EXPEN,SUPPLIES AND MATERIALS,26,DETAIL,2024-11-26,AP,1794409,CITI PCARD-WWW COSTCO COM,33707,2024-10-21,2024-10-21,FOOD & BEVERAGE,2603,179.94
2024 DEMOCRATIC CAUCUS,LY2024,21DA001,GENERAL EXPENDITURES,EXPEN,SUPPLIES AND MATERIALS,26,DETAIL,2024-11-26,AP,1794546,ARAZI HADAR,NA,2024-11-21,2024-11-21,OFFICE SUPPLIES (OUTSIDE),2620,53.49
2024 DEMOCRATIC CAUCUS,LY2024,21DA001,GENERAL EXPENDITURES,EXPEN,SUPPLIES AND MATERIALS,26,DETAIL,2024-11-30,GL,RMS0138656,NA,NA,2024-11-01,2024-11-30,OFFICE SUPPLY (TRANSFER),2621,168.79
2024 DEMOCRATIC CAUCUS,LY2024,21DA001,GENERAL EXPENDITURES,EXPEN,SUPPLIES AND MATERIALS,26,DETAIL,2024-12-03,AP,1794609,KOPEL ALEXANDRA E.,NA,2024-11-13,2024-11-13,FOOD & BEVERAGE,2603,469.17
2024 DEMOCRATIC CAUCUS,LY2024,21DA001,GENERAL EXPENDITURES,EXPEN,SUPPLIES AND MATERIALS,26,DETAIL,2024-12-03,AP,1794609,KOPEL ALEXANDRA E.,NA,2024-11-13,2024-12-12,SOFTWARE  LESS THAN  $500,2623,13.77
2024 DEMOCRATIC CAUCUS,LY2024,21DA001,GENERAL EXPENDITURES,EXPEN,SUPPLIES AND MATERIALS,26,DETAIL,2024-12-06,AP,1795976,KOPEL ALEXANDRA E.,NA,2024-12-01,2025-11-30,PUBLICATIONS/REFERENCE MAT'L,2630,264
2024 DEMOCRATIC CAUCUS,LY2024,21DA001,GENERAL EXPENDITURES,EXPEN,SUPPLIES AND MATERIALS,26,DETAIL,2024-12-18,AP,1797055,CITI PCARD-ADOBE   ADOBE,33707,2024-11-10,2024-12-09,SOFTWARE  LESS THAN  $500,2623,95.39
2024 DEMOCRATIC CAUCUS,LY2024,21DA001,GENERAL EXPENDITURES,EXPEN,SUPPLIES AND MATERIALS,26,DETAIL,2024-12-18,AP,1797055,CITI PCARD-ADOBE   ADOBE,33707,2024-11-10,2024-12-09,PUBLICATIONS/REFERENCE MAT'L,2630,31.79
2024 DEMOCRATIC CAUCUS,LY2024,21DA001,GENERAL EXPENDITURES,EXPEN,SUPPLIES AND MATERIALS,26,DETAIL,2024-12-18,AP,1797055,CITI PCARD-Amazon.com ZH8W413J1,33707,2024-10-30,2024-10-30,OFFICE SUPPLIES (OUTSIDE),2620,34.57
2024 DEMOCRATIC CAUCUS,LY2024,21DA001,GENERAL EXPENDITURES,EXPEN,SUPPLIES AND MATERIALS,26,DETAIL,2024-12-18,AP,1797055,CITI PCARD-BOSTON GLOBE MEDIA,33707,2024-11-08,2024-12-16,PUBLICATIONS/REFERENCE MAT'L,2630,3.96
2024 DEMOCRATIC CAUCUS,LY2024,21DA001,GENERAL EXPENDITURES,EXPEN,SUPPLIES AND MATERIALS,26,DETAIL,2024-12-18,AP,1797055,CITI PCARD-COSTCO WHSE,33707,2024-11-12,2024-11-12,HABITATION EXPENSE,2610,26.49
2024 DEMOCRATIC CAUCUS,LY2024,21DA001,GENERAL EXPENDITURES,EXPEN,SUPPLIES AND MATERIALS,26,DETAIL,2024-12-18,AP,1797055,CITI PCARD-DD  DOORDASH BUFFALOBE,33707,2024-11-12,2024-11-12,FOOD & BEVERAGE,2603,400.79
2024 DEMOCRATIC CAUCUS,LY2024,21DA001,GENERAL EXPENDITURES,EXPEN,SUPPLIES AND MATERIALS,26,DETAIL,2024-12-18,AP,1797055,CITI PCARD-DD  DOORDASH DIG,33707,2024-11-06,2024-11-06,FOOD & BEVERAGE,2603,337.96
2024 DEMOCRATIC CAUCUS,LY2024,21DA001,GENERAL EXPENDITURES,EXPEN,SUPPLIES AND MATERIALS,26,DETAIL,2024-12-18,AP,1797055,CITI PCARD-DD  DOORDASH TATTEBAKE,33707,2024-11-08,2024-11-08,FOOD & BEVERAGE,2603,75.01
2024 DEMOCRATIC CAUCUS,LY2024,21DA001,GENERAL EXPENDITURES,EXPEN,SUPPLIES AND MATERIALS,26,DETAIL,2024-12-18,AP,1797055,CITI PCARD-Google GSUITE_reppeteagui,33707,2024-10-01,2024-10-31,SOFTWARE  LESS THAN  $500,2623,175.54
2024 DEMOCRATIC CAUCUS,LY2024,21DA001,GENERAL EXPENDITURES,EXPEN,SUPPLIES AND MATERIALS,26,DETAIL,2024-12-18,AP,1797055,CITI PCARD-IC  INSTACART,33707,2024-11-12,2024-11-12,FOOD & BEVERAGE,2603,45.67
2024 DEMOCRATIC CAUCUS,LY2024,21DA001,GENERAL EXPENDITURES,EXPEN,SUPPLIES AND MATERIALS,26,DETAIL,2024-12-18,AP,1797055,CITI PCARD-IN  A LA MINUTE INC.,33707,2024-11-04,2024-11-04,FOOD & BEVERAGE,2603,1281.71
2024 DEMOCRATIC CAUCUS,LY2024,21DA001,GENERAL EXPENDITURES,EXPEN,SUPPLIES AND MATERIALS,26,DETAIL,2024-12-18,AP,1797055,CITI PCARD-SAINT GERMAIN CATERING,33707,2024-11-13,2024-11-13,FOOD & BEVERAGE,2603,6119.8
2024 DEMOCRATIC CAUCUS,LY2024,21DA001,GENERAL EXPENDITURES,EXPEN,SUPPLIES AND MATERIALS,26,DETAIL,2024-12-18,AP,1797055,CITI PCARD-STRIPO.EMAIL,33707,2024-11-03,2024-12-03,SOFTWARE  LESS THAN  $500,2623,95
2024 DEMOCRATIC CAUCUS,LY2024,21DA001,GENERAL EXPENDITURES,EXPEN,SUPPLIES AND MATERIALS,26,DETAIL,2024-12-18,AP,1797062,CITIBANK GOV CARD SERVICE,33707,2024-11-14,2024-11-14,FOOD & BEVERAGE,2603,4563.14
2024 DEMOCRATIC CAUCUS,LY2024,21DA001,GENERAL EXPENDITURES,EXPEN,SUPPLIES AND MATERIALS,26,DETAIL,2024-12-18,AP,1797062,CITIBANK GOV CARD SERVICE,33707,2024-11-17,2024-11-17,FOOD & BEVERAGE,2603,22.01
2024 DEMOCRATIC CAUCUS,LY2024,21DA001,GENERAL EXPENDITURES,EXPEN,SUPPLIES AND MATERIALS,26,DETAIL,2024-12-18,AP,1797062,CITIBANK GOV CARD SERVICE,33707,2024-11-18,2024-11-18,FOOD & BEVERAGE,2603,5940.64
2024 DEMOCRATIC CAUCUS,LY2024,21DA001,GENERAL EXPENDITURES,EXPEN,SUPPLIES AND MATERIALS,26,DETAIL,2024-12-18,AP,1797062,CITIBANK GOV CARD SERVICE,33707,2024-11-19,2024-11-19,FOOD & BEVERAGE,2603,13508.87
2024 DEMOCRATIC CAUCUS,LY2024,21DA001,GENERAL EXPENDITURES,EXPEN,SUPPLIES AND MATERIALS,26,DETAIL,2024-12-18,AP,1797062,CITIBANK GOV CARD SERVICE,33707,2024-11-20,2024-11-20,FOOD & BEVERAGE,2603,3909.42
2024 DEMOCRATIC CAUCUS,LY2024,21DA001,GENERAL EXPENDITURES,EXPEN,SUPPLIES AND MATERIALS,26,DETAIL,2024-12-18,AP,1797062,CITIBANK GOV CARD SERVICE,33707,2024-11-15,2024-11-15,HABITATION EXPENSE,2610,197.87
2024 DEMOCRATIC CAUCUS,LY2024,21DA001,GENERAL EXPENDITURES,EXPEN,SUPPLIES AND MATERIALS,26,DETAIL,2024-12-18,AP,1797062,CITIBANK GOV CARD SERVICE,33707,2024-11-20,2024-11-20,OFFICE SUPPLIES (OUTSIDE),2620,198.74
2024 DEMOCRATIC CAUCUS,LY2024,21DA001,GENERAL EXPENDITURES,EXPEN,SUPPLIES AND MATERIALS,26,DETAIL,2024-12-23,AP,1797041,CITI PCARD-AIRTABLE.COM/BILL,33707,2024-10-25,2024-12-17,SOFTWARE  LESS THAN  $500,2623,368.79
2024 DEMOCRATIC CAUCUS,LY2024,21DA001,GENERAL EXPENDITURES,EXPEN,SUPPLIES AND MATERIALS,26,DETAIL,2024-12-23,AP,1797041,CITI PCARD-CREAMERY DD,33707,2024-11-22,2024-11-22,FOOD & BEVERAGE,2603,15.98
2024 DEMOCRATIC CAUCUS,LY2024,21DA001,GENERAL EXPENDITURES,EXPEN,SUPPLIES AND MATERIALS,26,DETAIL,2024-12-23,AP,1797041,CITI PCARD-SP POPSALOT,33707,2024-11-25,2024-11-25,FOOD & BEVERAGE,2603,84.97
2024 DEMOCRATIC CAUCUS,LY2024,21DA001,GENERAL EXPENDITURES,EXPEN,SUPPLIES AND MATERIALS,26,DETAIL,2024-12-23,AP,1800924,RODRIGUEZ LUCIA,NA,2024-12-02,2024-12-09,HABITATION EXPENSE,2610,241.98
2024 DEMOCRATIC CAUCUS,LY2024,21DA001,GENERAL EXPENDITURES,EXPEN,SUPPLIES AND MATERIALS,26,DETAIL,2024-12-23,AP,1800933,RODRIGUEZ LUCIA,NA,2024-12-16,2024-12-16,FOOD & BEVERAGE,2603,125.13
2024 DEMOCRATIC CAUCUS,LY2024,21DA001,GENERAL EXPENDITURES,EXPEN,SUPPLIES AND MATERIALS,26,DETAIL,2024-12-23,AP,1800933,RODRIGUEZ LUCIA,NA,2024-12-15,2024-12-15,HABITATION EXPENSE,2610,70.77
2024 DEMOCRATIC CAUCUS,LY2024,21DA001,GENERAL EXPENDITURES,EXPEN,SUPPLIES AND MATERIALS,26,DETAIL,2024-12-24,AP,1801098,ARAZI HADAR,NA,2024-12-19,2024-12-19,FOOD & BEVERAGE,2603,92.94
2024 DEMOCRATIC CAUCUS,LY2024,21DA001,GENERAL EXPENDITURES,EXPEN,SUPPLIES AND MATERIALS,26,DETAIL,2024-12-24,AP,1801124,KOPEL ALEXANDRA E.,NA,2024-12-17,2024-12-19,FOOD & BEVERAGE,2603,287.89
2024 DEMOCRATIC CAUCUS,LY2024,21DA001,GENERAL EXPENDITURES,EXPEN,SUPPLIES AND MATERIALS,26,DETAIL,2024-12-30,GL,RMS0139303,NA,NA,2024-12-01,2024-12-31,OFFICE SUPPLIES (OUTSIDE),2620,1081.7
2024 DEMOCRATIC CAUCUS,LY2024,21DA001,GENERAL EXPENDITURES,EXPEN,SUPPLIES AND MATERIALS,26,DETAIL,2024-12-31,GL,RMS0139296,NA,NA,2024-12-01,2024-12-31,OFFICE SUPPLY (TRANSFER),2621,467.94
2024 DEMOCRATIC CAUCUS,LY2024,21DA001,GENERAL EXPENDITURES,EXPEN,SUPPLIES AND MATERIALS,NA,SUBTOTAL,NA,NA,NA,NA,NA,NA,NA,SUPPLIES AND MATERIALS TOTALS:,NA,94664.11
2024 DEMOCRATIC CAUCUS,LY2024,21DA001,GENERAL EXPENDITURES,EXPEN,EQUIPMENT,31,DETAIL,2024-10-30,GL,RMS0137972,NA,NA,2024-10-01,2024-10-31,COMPUTER HARDW PURCH  LESS THAN $25 000,3112,7081.09
2024 DEMOCRATIC CAUCUS,LY2024,21DA001,GENERAL EXPENDITURES,EXPEN,EQUIPMENT,31,DETAIL,2024-10-31,GL,MNT0137911,NA,NA,2024-10-01,2024-10-31,MAINTENANCE / REPAIRS,3118,490
2024 DEMOCRATIC CAUCUS,LY2024,21DA001,GENERAL EXPENDITURES,EXPEN,EQUIPMENT,31,DETAIL,2024-11-25,AP,1794412,QUADIENT INC,22375,2024-02-19,2025-02-18,MAINTENANCE / REPAIRS,3118,6175.25
2024 DEMOCRATIC CAUCUS,LY2024,21DA001,GENERAL EXPENDITURES,EXPEN,EQUIPMENT,31,DETAIL,2024-11-29,GL,MNT0138593,NA,NA,2024-11-01,2024-11-30,MAINTENANCE / REPAIRS,3118,490
2024 DEMOCRATIC CAUCUS,LY2024,21DA001,GENERAL EXPENDITURES,EXPEN,EQUIPMENT,31,DETAIL,2024-12-30,GL,RMS0139303,NA,NA,2024-12-01,2024-12-31,COMPUTER HARDW PURCH  LESS THAN $25 000,3112,1096.28
2024 DEMOCRATIC CAUCUS,LY2024,21DA001,GENERAL EXPENDITURES,EXPEN,EQUIPMENT,31,DETAIL,2024-12-31,GL,MNT0139245,NA,NA,2024-12-01,2024-12-31,MAINTENANCE / REPAIRS,3118,490
2024 DEMOCRATIC CAUCUS,LY2024,21DA001,GENERAL EXPENDITURES,EXPEN,EQUIPMENT,NA,SUBTOTAL,NA,NA,NA,NA,NA,NA,NA,EQUIPMENT TOTALS:,NA,15822.62
2024 DEMOCRATIC CAUCUS,LY2024,21DA001,GENERAL EXPENDITURES,EXPEN,EQUIPMENT,NA,SUBTOTAL,NA,NA,NA,NA,NA,NA,NA,GENERAL EXPENDITURES TOTALS:,NA,792414.87
2024 DEMOCRATIC CAUCUS,LY2024,21DA001,GENERAL EXPENDITURES,NA,EQUIPMENT,NA,GRAND TOTAL FOR ORGANIZATION,NA,NA,NA,NA,NA,NA,NA,OFFICE TOTALS:,NA,792414.87
2024 DEMOCRATIC CAUCUS,LY2024,21DA001,INTERN ALLOWANCES,INTRN,PERSONNEL COMPENSATION,11,DETAIL,NA,GL,NA,BOHANNON CALEB J.,NA,2024-10-01,2024-12-18,DEM CAUCUS PAID INTERN - HOUSE,1101,7020
2024 DEMOCRATIC CAUCUS,LY2024,21DA001,INTERN ALLOWANCES,INTRN,PERSONNEL COMPENSATION,11,DETAIL,NA,GL,NA,MOSES HALIE B.,NA,2024-10-01,2024-12-20,DEM CAUCUS PAID INTERN - HOUSE,1101,7200
2024 DEMOCRATIC CAUCUS,LY2024,21DA001,INTERN ALLOWANCES,INTRN,PERSONNEL COMPENSATION,11,DETAIL,NA,GL,NA,O'BRIEN ELIZABETH B.,NA,2024-10-01,2024-12-06,DEM CAUCUS PAID INTERN - HOUSE,1101,4158
2024 DEMOCRATIC CAUCUS,LY2024,21DA001,INTERN ALLOWANCES,INTRN,PERSONNEL COMPENSATION,11,DETAIL,NA,GL,NA,RINCON FABIANNA,NA,2024-11-20,2024-11-25,DEM CAUCUS PAID INTERN - HOUSE,1101,450
2024 DEMOCRATIC CAUCUS,LY2024,21DA001,INTERN ALLOWANCES,INTRN,PERSONNEL COMPENSATION,NA,SUBTOTAL,NA,NA,NA,NA,NA,NA,NA,PERSONNEL COMPENSATION TOTALS:,NA,18828
2024 DEMOCRATIC CAUCUS,LY2024,21DA001,INTERN ALLOWANCES,INTRN,PERSONNEL COMPENSATION,NA,SUBTOTAL,NA,NA,NA,NA,NA,NA,NA,INTERN ALLOWANCES TOTALS:,NA,18828
2024 DEMOCRATIC CAUCUS,LY2024,21DA001,INTERN ALLOWANCES,NA,PERSONNEL COMPENSATION,NA,GRAND TOTAL FOR ORGANIZATION,NA,NA,NA,NA,NA,NA,NA,OFFICE TOTALS:,NA,18828
2024 REPUBLICAN CONFERENCE,LY2024,21RC001,GENERAL EXPENDITURES,EXPEN,PERSONNEL COMPENSATION,11,DETAIL,NA,GL,NA,BAYLOR CHRISTOPHER S,NA,2024-10-01,2024-12-31,SHARED EMPLOYEE,1101,4350
2024 REPUBLICAN CONFERENCE,LY2024,21RC001,GENERAL EXPENDITURES,EXPEN,PERSONNEL COMPENSATION,11,DETAIL,NA,GL,NA,BLACK ALELI M.,NA,2024-10-01,2024-12-31,COMMUNICATIONS DIRECTOR,1101,51183.33
2024 REPUBLICAN CONFERENCE,LY2024,21RC001,GENERAL EXPENDITURES,EXPEN,PERSONNEL COMPENSATION,11,DETAIL,NA,GL,NA,BRENNAN FRANCIS P.,NA,2024-10-01,2024-12-31,DEPUTY COMMUNICATIONS DIRECTOR,1101,43249.99
2024 REPUBLICAN CONFERENCE,LY2024,21RC001,GENERAL EXPENDITURES,EXPEN,PERSONNEL COMPENSATION,11,DETAIL,NA,GL,NA,CORTESE JR WILLIAM R.,NA,2024-10-01,2024-12-17,SENIOR ADVISOR,1101,33288.88
2024 REPUBLICAN CONFERENCE,LY2024,21RC001,GENERAL EXPENDITURES,EXPEN,PERSONNEL COMPENSATION,11,DETAIL,NA,GL,NA,DOBBINS LOGAN R.,NA,2024-10-01,2024-12-31,STAFF ASSISTANT,1101,16250
2024 REPUBLICAN CONFERENCE,LY2024,21RC001,GENERAL EXPENDITURES,EXPEN,PERSONNEL COMPENSATION,11,DETAIL,NA,GL,NA,DUFFIN RYAN E.,NA,2024-10-01,2024-12-31,DEP RAPID RESPONSE DIR,1101,18749.99
2024 REPUBLICAN CONFERENCE,LY2024,21RC001,GENERAL EXPENDITURES,EXPEN,PERSONNEL COMPENSATION,11,DETAIL,NA,GL,NA,ERDEL ALYSSA H.,NA,2024-10-01,2024-12-31,DIRECTOR OF MEMBER SER & COALI,1101,51183.33
2024 REPUBLICAN CONFERENCE,LY2024,21RC001,GENERAL EXPENDITURES,EXPEN,PERSONNEL COMPENSATION,11,DETAIL,NA,GL,NA,GIAIER STEVEN S.,NA,2024-10-01,2024-12-08,GENERAL COUNSEL,1101,37388.33
2024 REPUBLICAN CONFERENCE,LY2024,21RC001,GENERAL EXPENDITURES,EXPEN,PERSONNEL COMPENSATION,11,DETAIL,NA,GL,NA,HOFMANN RYAN,NA,2024-10-01,2024-12-31,LEGISLATIVE ASSISTANT,1101,33250
2024 REPUBLICAN CONFERENCE,LY2024,21RC001,GENERAL EXPENDITURES,EXPEN,PERSONNEL COMPENSATION,11,DETAIL,NA,GL,NA,NYCE BENJAMIN M.,NA,2024-10-01,2024-12-31,POLICY ADVISOR,1101,33250
2024 REPUBLICAN CONFERENCE,LY2024,21RC001,GENERAL EXPENDITURES,EXPEN,PERSONNEL COMPENSATION,11,DETAIL,NA,GL,NA,OKONIEWSKI ANDERSON B.,NA,2024-10-01,2024-12-31,OPERATIONS DIRECTOR,1101,49316.67
2024 REPUBLICAN CONFERENCE,LY2024,21RC001,GENERAL EXPENDITURES,EXPEN,PERSONNEL COMPENSATION,11,DETAIL,NA,GL,NA,PARENT CAMERON,NA,2024-10-01,2024-10-14,STAFF ASSISTANT,1101,2138.89
2024 REPUBLICAN CONFERENCE,LY2024,21RC001,GENERAL EXPENDITURES,EXPEN,PERSONNEL COMPENSATION,11,DETAIL,NA,GL,NA,PRICE MARIE G.,NA,2024-10-01,2024-12-15,DEPUTY DIRECTOR - MEMBER SVCS,1101,21916.67
2024 REPUBLICAN CONFERENCE,LY2024,21RC001,GENERAL EXPENDITURES,EXPEN,PERSONNEL COMPENSATION,11,DETAIL,NA,GL,NA,PROPP MADELYNN R.,NA,2024-10-01,2024-12-31,MEDIA AFFAIRS COORDINATOR,1101,20000
2024 REPUBLICAN CONFERENCE,LY2024,21RC001,GENERAL EXPENDITURES,EXPEN,PERSONNEL COMPENSATION,11,DETAIL,NA,GL,NA,PUSEY ANNA L.,NA,2024-10-01,2024-12-31,DIRECTOR OF MEDIA AFFAIRS,1101,29500
2024 REPUBLICAN CONFERENCE,LY2024,21RC001,GENERAL EXPENDITURES,EXPEN,PERSONNEL COMPENSATION,11,DETAIL,NA,GL,NA,RUHLEN MARY ELLEN,NA,2024-10-01,2024-12-31,FINANCIAL ADMINISTRATOR,1101,3999.99
2024 REPUBLICAN CONFERENCE,LY2024,21RC001,GENERAL EXPENDITURES,EXPEN,PERSONNEL COMPENSATION,11,DETAIL,NA,GL,NA,SLAVEN QUINN H.,NA,2024-10-01,2024-10-31,CONTENT DIRECTOR,1101,6583.33
2024 REPUBLICAN CONFERENCE,LY2024,21RC001,GENERAL EXPENDITURES,EXPEN,PERSONNEL COMPENSATION,11,DETAIL,NA,GL,NA,STEWART-HESTER PATRICK D.,NA,2024-10-01,2024-12-31,CHIEF OF STAFF,1101,45500.01
2024 REPUBLICAN CONFERENCE,LY2024,21RC001,GENERAL EXPENDITURES,EXPEN,PERSONNEL COMPENSATION,11,DETAIL,NA,GL,NA,VREEBURG JACOBUS A.,NA,2024-10-01,2024-12-31,POLICY DIRECTOR,1101,51183.33
2024 REPUBLICAN CONFERENCE,LY2024,21RC001,GENERAL EXPENDITURES,EXPEN,PERSONNEL COMPENSATION,11,DETAIL,NA,GL,NA,WHITMORE JOHN R.,NA,2024-10-01,2024-12-31,STAFF ASSISTANT,1101,20000
2024 REPUBLICAN CONFERENCE,LY2024,21RC001,GENERAL EXPENDITURES,EXPEN,PERSONNEL COMPENSATION,NA,SUBTOTAL,NA,NA,NA,NA,NA,NA,NA,PERSONNEL COMPENSATION TOTALS:,NA,572282.74
2024 REPUBLICAN CONFERENCE,LY2024,21RC001,GENERAL EXPENDITURES,EXPEN,TRAVEL,21,DETAIL,2024-10-01,AP,X0160771,PUSEY ANNA L.,NA,2024-04-04,2024-04-06,NON-AIRFARE COMMERCIAL TRANSP,2102,311
2024 REPUBLICAN CONFERENCE,LY2024,21RC001,GENERAL EXPENDITURES,EXPEN,TRAVEL,21,DETAIL,2024-10-01,AP,X0160771,PUSEY ANNA L.,NA,2024-04-05,2024-04-05,MEALS,2110,43.59
2024 REPUBLICAN CONFERENCE,LY2024,21RC001,GENERAL EXPENDITURES,EXPEN,TRAVEL,21,DETAIL,2024-10-01,AP,X0160771,PUSEY ANNA L.,NA,2024-04-04,2024-04-04,TAXI/RIDE SHARE,2135,79.54
2024 REPUBLICAN CONFERENCE,LY2024,21RC001,GENERAL EXPENDITURES,EXPEN,TRAVEL,21,DETAIL,2024-10-01,AP,X0160771,PUSEY ANNA L.,NA,2024-04-05,2024-04-05,TAXI/RIDE SHARE,2135,19.62
2024 REPUBLICAN CONFERENCE,LY2024,21RC001,GENERAL EXPENDITURES,EXPEN,TRAVEL,21,DETAIL,2024-10-01,AP,X0160771,PUSEY ANNA L.,NA,2024-04-06,2024-04-06,TAXI/RIDE SHARE,2135,20.51
2024 REPUBLICAN CONFERENCE,LY2024,21RC001,GENERAL EXPENDITURES,EXPEN,TRAVEL,21,DETAIL,2024-10-22,AP,X0204639,STEWART-HESTER PATRICK D.,NA,2024-09-05,2024-09-05,TAXI/RIDE SHARE,2135,29.81
2024 REPUBLICAN CONFERENCE,LY2024,21RC001,GENERAL EXPENDITURES,EXPEN,TRAVEL,21,DETAIL,2024-10-23,AP,X0204663,STEWART-HESTER PATRICK D.,NA,2024-09-05,2024-09-05,TAXI/RIDE SHARE,2135,30.35
2024 REPUBLICAN CONFERENCE,LY2024,21RC001,GENERAL EXPENDITURES,EXPEN,TRAVEL,21,DETAIL,2024-10-23,AP,X0204663,STEWART-HESTER PATRICK D.,NA,2024-09-06,2024-09-06,TAXI/RIDE SHARE,2135,67.91
2024 REPUBLICAN CONFERENCE,LY2024,21RC001,GENERAL EXPENDITURES,EXPEN,TRAVEL,21,DETAIL,2024-10-23,AP,X0204663,STEWART-HESTER PATRICK D.,NA,2024-09-19,2024-09-19,TAXI/RIDE SHARE,2135,44.72
2024 REPUBLICAN CONFERENCE,LY2024,21RC001,GENERAL EXPENDITURES,EXPEN,TRAVEL,21,DETAIL,2024-11-20,AP,X0211747,ERDEL ALYSSA H.,NA,2024-11-13,2024-11-13,PARKING,2136,47.2
2024 REPUBLICAN CONFERENCE,LY2024,21RC001,GENERAL EXPENDITURES,EXPEN,TRAVEL,21,DETAIL,2024-11-22,AP,X0213002,PRICE MARIE G.,NA,2024-11-13,2024-11-13,PARKING,2136,67.26
2024 REPUBLICAN CONFERENCE,LY2024,21RC001,GENERAL EXPENDITURES,EXPEN,TRAVEL,21,DETAIL,2024-12-13,AP,X0213653,CORTESE JR WILLIAM R.,NA,2024-10-03,2024-10-03,MEALS,2110,4.19
2024 REPUBLICAN CONFERENCE,LY2024,21RC001,GENERAL EXPENDITURES,EXPEN,TRAVEL,21,DETAIL,2024-12-13,AP,X0213653,CORTESE JR WILLIAM R.,NA,2024-10-03,2024-10-04,PRIVATE AUTO MILEAGE,2130,331.78
2024 REPUBLICAN CONFERENCE,LY2024,21RC001,GENERAL EXPENDITURES,EXPEN,TRAVEL,21,DETAIL,2024-12-26,AP,X0216714,OKONIEWSKI ANDERSON B.,NA,2024-12-05,2024-12-05,TAXI/RIDE SHARE,2135,18.76
2024 REPUBLICAN CONFERENCE,LY2024,21RC001,GENERAL EXPENDITURES,EXPEN,TRAVEL,NA,SUBTOTAL,NA,NA,NA,NA,NA,NA,NA,TRAVEL TOTALS:,NA,1116.24
2024 REPUBLICAN CONFERENCE,LY2024,21RC001,GENERAL EXPENDITURES,EXPEN,RENT  COMMUNICATION  UTILITIES,23,DETAIL,2024-10-22,AP,X0204639,STEWART-HESTER PATRICK D.,NA,2024-09-01,2024-10-01,UTILITIES,2360,77.37
2024 REPUBLICAN CONFERENCE,LY2024,21RC001,GENERAL EXPENDITURES,EXPEN,RENT  COMMUNICATION  UTILITIES,23,DETAIL,2024-10-24,AP,X0203560,TAG LLC,37918,2024-09-01,2024-09-30,RECORDING (OUTSIDE),2345,11500
2024 REPUBLICAN CONFERENCE,LY2024,21RC001,GENERAL EXPENDITURES,EXPEN,RENT  COMMUNICATION  UTILITIES,23,DETAIL,2024-10-28,GL,EMS0137915,NA,NA,2024-09-01,2024-09-30,DC TELECOM EQUIP (TRANSFER),2320,140
2024 REPUBLICAN CONFERENCE,LY2024,21RC001,GENERAL EXPENDITURES,EXPEN,RENT  COMMUNICATION  UTILITIES,23,DETAIL,2024-10-28,GL,EMS0137915,NA,NA,2024-09-01,2024-09-30,DC TELECOM SERV (TRANSFER),2321,193.75
2024 REPUBLICAN CONFERENCE,LY2024,21RC001,GENERAL EXPENDITURES,EXPEN,RENT  COMMUNICATION  UTILITIES,23,DETAIL,2024-10-28,GL,EMS0137915,NA,NA,2024-09-01,2024-09-30,DC TELECOM TOLLS (TRANSFER),2322,2335.31
2024 REPUBLICAN CONFERENCE,LY2024,21RC001,GENERAL EXPENDITURES,EXPEN,RENT  COMMUNICATION  UTILITIES,23,DETAIL,2024-10-28,GL,MED0137802,NA,NA,2024-09-23,2024-09-23,HIR GRAPHICS (TRANSFER),2335,2000
2024 REPUBLICAN CONFERENCE,LY2024,21RC001,GENERAL EXPENDITURES,EXPEN,RENT  COMMUNICATION  UTILITIES,23,DETAIL,2024-11-06,AP,X0209441,TAG LLC,37918,2024-10-01,2024-10-31,RECORDING (OUTSIDE),2345,11500
2024 REPUBLICAN CONFERENCE,LY2024,21RC001,GENERAL EXPENDITURES,EXPEN,RENT  COMMUNICATION  UTILITIES,23,DETAIL,2024-11-25,GL,EMS0138477,NA,NA,2024-10-01,2024-10-31,DC TELECOM EQUIP (TRANSFER),2320,44
2024 REPUBLICAN CONFERENCE,LY2024,21RC001,GENERAL EXPENDITURES,EXPEN,RENT  COMMUNICATION  UTILITIES,23,DETAIL,2024-11-25,GL,EMS0138477,NA,NA,2024-10-01,2024-10-31,DC TELECOM SERV (TRANSFER),2321,193.75
2024 REPUBLICAN CONFERENCE,LY2024,21RC001,GENERAL EXPENDITURES,EXPEN,RENT  COMMUNICATION  UTILITIES,23,DETAIL,2024-11-25,GL,EMS0138477,NA,NA,2024-10-01,2024-10-31,DC TELECOM TOLLS (TRANSFER),2322,2338.12
2024 REPUBLICAN CONFERENCE,LY2024,21RC001,GENERAL EXPENDITURES,EXPEN,RENT  COMMUNICATION  UTILITIES,23,DETAIL,2024-11-26,GL,MED0138520,NA,NA,2024-11-12,2024-11-18,HIR GRAPHICS (TRANSFER),2335,540
2024 REPUBLICAN CONFERENCE,LY2024,21RC001,GENERAL EXPENDITURES,EXPEN,RENT  COMMUNICATION  UTILITIES,23,DETAIL,2024-12-23,GL,EMS0139080,NA,NA,2024-11-01,2024-11-30,DC TELECOM EQUIP (TRANSFER),2320,44
2024 REPUBLICAN CONFERENCE,LY2024,21RC001,GENERAL EXPENDITURES,EXPEN,RENT  COMMUNICATION  UTILITIES,23,DETAIL,2024-12-23,GL,EMS0139080,NA,NA,2024-11-01,2024-11-30,DC TELECOM SERV (TRANSFER),2321,193.75
2024 REPUBLICAN CONFERENCE,LY2024,21RC001,GENERAL EXPENDITURES,EXPEN,RENT  COMMUNICATION  UTILITIES,23,DETAIL,2024-12-23,GL,EMS0139080,NA,NA,2024-11-01,2024-11-30,DC TELECOM TOLLS (TRANSFER),2322,2319.46
2024 REPUBLICAN CONFERENCE,LY2024,21RC001,GENERAL EXPENDITURES,EXPEN,RENT  COMMUNICATION  UTILITIES,NA,SUBTOTAL,NA,NA,NA,NA,NA,NA,NA,RENT  COMMUNICATION  UTILITIES TOTALS:,NA,33419.51
2024 REPUBLICAN CONFERENCE,LY2024,21RC001,GENERAL EXPENDITURES,EXPEN,PRINTING AND REPRODUCTION,24,DETAIL,2024-10-28,GL,MED0137802,NA,NA,2024-10-28,2024-10-28,PHOTOGRAPHIC (TRANSFER),2403,7.6
2024 REPUBLICAN CONFERENCE,LY2024,21RC001,GENERAL EXPENDITURES,EXPEN,PRINTING AND REPRODUCTION,24,DETAIL,2024-11-26,GL,MED0138520,NA,NA,2024-11-26,2024-11-26,PHOTOGRAPHIC (TRANSFER),2403,3.8
2024 REPUBLICAN CONFERENCE,LY2024,21RC001,GENERAL EXPENDITURES,EXPEN,PRINTING AND REPRODUCTION,24,DETAIL,2024-12-23,GL,MED0139082,NA,NA,2024-12-17,2024-12-17,PHOTOGRAPHIC (TRANSFER),2403,20
2024 REPUBLICAN CONFERENCE,LY2024,21RC001,GENERAL EXPENDITURES,EXPEN,PRINTING AND REPRODUCTION,24,DETAIL,2024-12-31,AP,X0221231,OKONIEWSKI ANDERSON B.,NA,2024-12-20,2024-12-20,NON-FRANKABLE PRINTING & REPRO,2402,62.5
2024 REPUBLICAN CONFERENCE,LY2024,21RC001,GENERAL EXPENDITURES,EXPEN,PRINTING AND REPRODUCTION,NA,SUBTOTAL,NA,NA,NA,NA,NA,NA,NA,PRINTING AND REPRODUCTION TOTALS:,NA,93.9
2024 REPUBLICAN CONFERENCE,LY2024,21RC001,GENERAL EXPENDITURES,EXPEN,OTHER SERVICES,25,DETAIL,2024-10-11,AP,X0201449,LEXICON LLC,39649,2024-10-01,2024-10-31,NON-TECHNOLOGY SERVICE CONTR,2502,5500
2024 REPUBLICAN CONFERENCE,LY2024,21RC001,GENERAL EXPENDITURES,EXPEN,OTHER SERVICES,25,DETAIL,2024-10-17,AP,X0202284,VISTO MEDIA GROUP LLC,39239,2024-09-01,2024-09-30,WEB DEV HST EMAIL & RLTD SERV,2572,1500
2024 REPUBLICAN CONFERENCE,LY2024,21RC001,GENERAL EXPENDITURES,EXPEN,OTHER SERVICES,25,DETAIL,2024-10-18,AP,X0202278,VISTO MEDIA GROUP LLC,39239,2024-08-01,2024-08-31,WEB DEV HST EMAIL & RLTD SERV,2572,1500
2024 REPUBLICAN CONFERENCE,LY2024,21RC001,GENERAL EXPENDITURES,EXPEN,OTHER SERVICES,25,DETAIL,2024-10-22,AP,X0204639,STEWART-HESTER PATRICK D.,NA,2024-08-31,2024-09-29,TECHNOLOGY SERVICE CONTRACTS,2571,95.39
2024 REPUBLICAN CONFERENCE,LY2024,21RC001,GENERAL EXPENDITURES,EXPEN,OTHER SERVICES,25,DETAIL,2024-10-22,AP,X0204639,STEWART-HESTER PATRICK D.,NA,2024-09-03,2024-10-03,TECHNOLOGY SERVICE CONTRACTS,2571,10.59
2024 REPUBLICAN CONFERENCE,LY2024,21RC001,GENERAL EXPENDITURES,EXPEN,OTHER SERVICES,25,DETAIL,2024-10-22,AP,X0204639,STEWART-HESTER PATRICK D.,NA,2024-09-06,2024-10-06,WEB DEV HST EMAIL & RLTD SERV,2572,303.11
2024 REPUBLICAN CONFERENCE,LY2024,21RC001,GENERAL EXPENDITURES,EXPEN,OTHER SERVICES,25,DETAIL,2024-10-23,AP,X0204663,STEWART-HESTER PATRICK D.,NA,2024-09-30,2024-10-30,TECHNOLOGY SERVICE CONTRACTS,2571,95.39
2024 REPUBLICAN CONFERENCE,LY2024,21RC001,GENERAL EXPENDITURES,EXPEN,OTHER SERVICES,25,DETAIL,2024-10-23,AP,X0204663,STEWART-HESTER PATRICK D.,NA,2024-10-03,2024-11-03,TECHNOLOGY SERVICE CONTRACTS,2571,10.59
2024 REPUBLICAN CONFERENCE,LY2024,21RC001,GENERAL EXPENDITURES,EXPEN,OTHER SERVICES,25,DETAIL,2024-10-23,AP,X0204663,STEWART-HESTER PATRICK D.,NA,2024-10-06,2024-11-06,WEB DEV HST EMAIL & RLTD SERV,2572,303.11
2024 REPUBLICAN CONFERENCE,LY2024,21RC001,GENERAL EXPENDITURES,EXPEN,OTHER SERVICES,25,DETAIL,2024-11-05,AP,X0205019,OKONIEWSKI ANDERSON B.,NA,2024-10-17,2024-10-17,LAUNDRY SERVICES,2515,30
2024 REPUBLICAN CONFERENCE,LY2024,21RC001,GENERAL EXPENDITURES,EXPEN,OTHER SERVICES,25,DETAIL,2024-11-05,AP,X0205952,ERDEL ALYSSA H.,NA,2024-10-16,2024-10-16,TRAINING,2527,600
2024 REPUBLICAN CONFERENCE,LY2024,21RC001,GENERAL EXPENDITURES,EXPEN,OTHER SERVICES,25,DETAIL,2024-11-06,AP,X0209167,LEXICON LLC,39649,2024-11-01,2024-11-30,NON-TECHNOLOGY SERVICE CONTR,2502,5500
2024 REPUBLICAN CONFERENCE,LY2024,21RC001,GENERAL EXPENDITURES,EXPEN,OTHER SERVICES,25,DETAIL,2024-12-04,AP,X0212383,OKONIEWSKI ANDERSON B.,NA,2024-11-21,2024-11-21,LAUNDRY SERVICES,2515,193.04
2024 REPUBLICAN CONFERENCE,LY2024,21RC001,GENERAL EXPENDITURES,EXPEN,OTHER SERVICES,25,DETAIL,2024-12-04,AP,X0215449,OKONIEWSKI ANDERSON B.,NA,2024-11-25,2024-11-25,LAUNDRY SERVICES,2515,25
2024 REPUBLICAN CONFERENCE,LY2024,21RC001,GENERAL EXPENDITURES,EXPEN,OTHER SERVICES,25,DETAIL,2024-12-04,AP,X0215742,LEXICON LLC,39649,2024-12-01,2024-12-31,NON-TECHNOLOGY SERVICE CONTR,2502,5500
2024 REPUBLICAN CONFERENCE,LY2024,21RC001,GENERAL EXPENDITURES,EXPEN,OTHER SERVICES,25,DETAIL,2024-12-06,AP,X0215571,VISTO MEDIA GROUP LLC,39239,2024-10-01,2024-10-31,WEB DEV HST EMAIL & RLTD SERV,2572,1500
2024 REPUBLICAN CONFERENCE,LY2024,21RC001,GENERAL EXPENDITURES,EXPEN,OTHER SERVICES,25,DETAIL,2024-12-06,AP,X0215577,VISTO MEDIA GROUP LLC,39239,2024-11-01,2024-11-30,WEB DEV HST EMAIL & RLTD SERV,2572,1500
2024 REPUBLICAN CONFERENCE,LY2024,21RC001,GENERAL EXPENDITURES,EXPEN,OTHER SERVICES,25,DETAIL,2024-12-23,AP,X0220770,TAG LLC,37918,2024-11-01,2024-11-30,NON-TECHNOLOGY SERVICE CONTR,2502,11500
2024 REPUBLICAN CONFERENCE,LY2024,21RC001,GENERAL EXPENDITURES,EXPEN,OTHER SERVICES,25,DETAIL,2024-12-26,AP,X0216714,OKONIEWSKI ANDERSON B.,NA,2024-12-06,2024-12-06,LAUNDRY SERVICES,2515,26
2024 REPUBLICAN CONFERENCE,LY2024,21RC001,GENERAL EXPENDITURES,EXPEN,OTHER SERVICES,25,DETAIL,2024-12-27,AP,X0221326,VISTO MEDIA GROUP LLC,39239,2024-12-01,2024-12-31,WEB DEV HST EMAIL & RLTD SERV,2572,1500
2024 REPUBLICAN CONFERENCE,LY2024,21RC001,GENERAL EXPENDITURES,EXPEN,OTHER SERVICES,25,DETAIL,2024-12-30,AP,X0217766,OKONIEWSKI ANDERSON B.,NA,2024-12-13,2024-12-13,LAUNDRY SERVICES,2515,69
2024 REPUBLICAN CONFERENCE,LY2024,21RC001,GENERAL EXPENDITURES,EXPEN,OTHER SERVICES,NA,SUBTOTAL,NA,NA,NA,NA,NA,NA,NA,OTHER SERVICES TOTALS:,NA,37261.22
2024 REPUBLICAN CONFERENCE,LY2024,21RC001,GENERAL EXPENDITURES,EXPEN,SUPPLIES AND MATERIALS,26,DETAIL,2024-10-03,AP,X0198448,OKONIEWSKI ANDERSON B.,NA,2024-09-22,2024-09-30,FOOD & BEVERAGE,2603,110.92
2024 REPUBLICAN CONFERENCE,LY2024,21RC001,GENERAL EXPENDITURES,EXPEN,SUPPLIES AND MATERIALS,26,DETAIL,2024-10-03,AP,X0198490,STEWART-HESTER PATRICK D.,NA,2024-09-24,2024-09-24,LEGISLATIVE PLNNG FOOD AND BEV,2604,2557.95
2024 REPUBLICAN CONFERENCE,LY2024,21RC001,GENERAL EXPENDITURES,EXPEN,SUPPLIES AND MATERIALS,26,DETAIL,2024-10-08,AP,X0197007,ERDEL ALYSSA H.,NA,2024-09-05,2024-09-05,FOOD & BEVERAGE,2603,257.47
2024 REPUBLICAN CONFERENCE,LY2024,21RC001,GENERAL EXPENDITURES,EXPEN,SUPPLIES AND MATERIALS,26,DETAIL,2024-10-08,AP,X0197007,ERDEL ALYSSA H.,NA,2024-08-29,2024-08-29,LEGISLATIVE PLNNG FOOD AND BEV,2604,563.61
2024 REPUBLICAN CONFERENCE,LY2024,21RC001,GENERAL EXPENDITURES,EXPEN,SUPPLIES AND MATERIALS,26,DETAIL,2024-10-08,AP,X0197007,ERDEL ALYSSA H.,NA,2024-09-09,2024-09-09,LEGISLATIVE PLNNG FOOD AND BEV,2604,56.97
2024 REPUBLICAN CONFERENCE,LY2024,21RC001,GENERAL EXPENDITURES,EXPEN,SUPPLIES AND MATERIALS,26,DETAIL,2024-10-08,AP,X0197007,ERDEL ALYSSA H.,NA,2024-09-13,2024-09-13,LEGISLATIVE PLNNG FOOD AND BEV,2604,906.73
2024 REPUBLICAN CONFERENCE,LY2024,21RC001,GENERAL EXPENDITURES,EXPEN,SUPPLIES AND MATERIALS,26,DETAIL,2024-10-08,AP,X0197007,ERDEL ALYSSA H.,NA,2024-09-16,2024-09-16,LEGISLATIVE PLNNG FOOD AND BEV,2604,231.11
2024 REPUBLICAN CONFERENCE,LY2024,21RC001,GENERAL EXPENDITURES,EXPEN,SUPPLIES AND MATERIALS,26,DETAIL,2024-10-08,AP,X0197007,ERDEL ALYSSA H.,NA,2024-08-19,2024-08-19,OFFICE SUPPLIES (OUTSIDE),2620,153.44
2024 REPUBLICAN CONFERENCE,LY2024,21RC001,GENERAL EXPENDITURES,EXPEN,SUPPLIES AND MATERIALS,26,DETAIL,2024-10-09,AP,X0198449,STEWART-HESTER PATRICK D.,NA,2024-09-18,2024-09-18,LEGISLATIVE PLNNG FOOD AND BEV,2604,196.57
2024 REPUBLICAN CONFERENCE,LY2024,21RC001,GENERAL EXPENDITURES,EXPEN,SUPPLIES AND MATERIALS,26,DETAIL,2024-10-09,AP,X0201413,HAGUE QUALITY WATER OF MD INC,11824,2024-10-01,2024-10-31,WATER,2602,63
2024 REPUBLICAN CONFERENCE,LY2024,21RC001,GENERAL EXPENDITURES,EXPEN,SUPPLIES AND MATERIALS,26,DETAIL,2024-10-09,AP,X0201530,SHARP ELECTRONICS CORPORATIION,9514,2024-09-30,2024-09-30,OFFICE SUPPLIES (OUTSIDE),2620,1396
2024 REPUBLICAN CONFERENCE,LY2024,21RC001,GENERAL EXPENDITURES,EXPEN,SUPPLIES AND MATERIALS,26,DETAIL,2024-10-11,AP,X0199436,ERDEL ALYSSA H.,NA,2024-09-23,2024-09-23,LEGISLATIVE PLNNG FOOD AND BEV,2604,56.97
2024 REPUBLICAN CONFERENCE,LY2024,21RC001,GENERAL EXPENDITURES,EXPEN,SUPPLIES AND MATERIALS,26,DETAIL,2024-10-11,AP,X0199436,ERDEL ALYSSA H.,NA,2024-09-26,2024-09-26,LEGISLATIVE PLNNG FOOD AND BEV,2604,256.69
2024 REPUBLICAN CONFERENCE,LY2024,21RC001,GENERAL EXPENDITURES,EXPEN,SUPPLIES AND MATERIALS,26,DETAIL,2024-10-11,AP,X0199436,ERDEL ALYSSA H.,NA,2024-09-27,2024-09-27,LEGISLATIVE PLNNG FOOD AND BEV,2604,259.25
2024 REPUBLICAN CONFERENCE,LY2024,21RC001,GENERAL EXPENDITURES,EXPEN,SUPPLIES AND MATERIALS,26,DETAIL,2024-10-11,AP,X0201415,ARGUS INSIGHT LLC,39829,2024-08-01,2024-08-31,PUBLICATIONS/REFERENCE MAT'L,2630,10000
2024 REPUBLICAN CONFERENCE,LY2024,21RC001,GENERAL EXPENDITURES,EXPEN,SUPPLIES AND MATERIALS,26,DETAIL,2024-10-21,AP,X0200756,OKONIEWSKI ANDERSON B.,NA,2024-08-27,2024-09-26,PUBLICATIONS/REFERENCE MAT'L,2630,405
2024 REPUBLICAN CONFERENCE,LY2024,21RC001,GENERAL EXPENDITURES,EXPEN,SUPPLIES AND MATERIALS,26,DETAIL,2024-10-22,AP,X0204639,STEWART-HESTER PATRICK D.,NA,2024-08-15,2024-08-15,FOOD & BEVERAGE,2603,129.61
2024 REPUBLICAN CONFERENCE,LY2024,21RC001,GENERAL EXPENDITURES,EXPEN,SUPPLIES AND MATERIALS,26,DETAIL,2024-10-22,AP,X0204639,STEWART-HESTER PATRICK D.,NA,2024-09-03,2024-09-03,FOOD & BEVERAGE,2603,200.82
2024 REPUBLICAN CONFERENCE,LY2024,21RC001,GENERAL EXPENDITURES,EXPEN,SUPPLIES AND MATERIALS,26,DETAIL,2024-10-22,AP,X0204639,STEWART-HESTER PATRICK D.,NA,2024-08-15,2024-08-15,OFFICE SUPPLIES (OUTSIDE),2620,197.6
2024 REPUBLICAN CONFERENCE,LY2024,21RC001,GENERAL EXPENDITURES,EXPEN,SUPPLIES AND MATERIALS,26,DETAIL,2024-10-22,AP,X0204639,STEWART-HESTER PATRICK D.,NA,2024-08-19,2024-08-19,OFFICE SUPPLIES (OUTSIDE),2620,29.67
2024 REPUBLICAN CONFERENCE,LY2024,21RC001,GENERAL EXPENDITURES,EXPEN,SUPPLIES AND MATERIALS,26,DETAIL,2024-10-22,AP,X0204639,STEWART-HESTER PATRICK D.,NA,2024-09-03,2024-09-03,OFFICE SUPPLIES (OUTSIDE),2620,198.56
2024 REPUBLICAN CONFERENCE,LY2024,21RC001,GENERAL EXPENDITURES,EXPEN,SUPPLIES AND MATERIALS,26,DETAIL,2024-10-22,AP,X0204639,STEWART-HESTER PATRICK D.,NA,2024-09-04,2025-09-04,SOFTWARE  LESS THAN  $500,2623,299.99
2024 REPUBLICAN CONFERENCE,LY2024,21RC001,GENERAL EXPENDITURES,EXPEN,SUPPLIES AND MATERIALS,26,DETAIL,2024-10-22,AP,X0204639,STEWART-HESTER PATRICK D.,NA,2024-08-10,2024-09-10,PUBLICATIONS/REFERENCE MAT'L,2630,15.89
2024 REPUBLICAN CONFERENCE,LY2024,21RC001,GENERAL EXPENDITURES,EXPEN,SUPPLIES AND MATERIALS,26,DETAIL,2024-10-22,AP,X0204639,STEWART-HESTER PATRICK D.,NA,2024-08-23,2024-09-23,PUBLICATIONS/REFERENCE MAT'L,2630,68.89
2024 REPUBLICAN CONFERENCE,LY2024,21RC001,GENERAL EXPENDITURES,EXPEN,SUPPLIES AND MATERIALS,26,DETAIL,2024-10-22,AP,X0204639,STEWART-HESTER PATRICK D.,NA,2024-08-24,2024-09-21,PUBLICATIONS/REFERENCE MAT'L,2630,12.72
2024 REPUBLICAN CONFERENCE,LY2024,21RC001,GENERAL EXPENDITURES,EXPEN,SUPPLIES AND MATERIALS,26,DETAIL,2024-10-22,AP,X0204639,STEWART-HESTER PATRICK D.,NA,2024-09-02,2024-09-29,PUBLICATIONS/REFERENCE MAT'L,2630,97.52
2024 REPUBLICAN CONFERENCE,LY2024,21RC001,GENERAL EXPENDITURES,EXPEN,SUPPLIES AND MATERIALS,26,DETAIL,2024-10-22,AP,X0204639,STEWART-HESTER PATRICK D.,NA,2024-09-04,2024-10-04,PUBLICATIONS/REFERENCE MAT'L,2630,27.72
2024 REPUBLICAN CONFERENCE,LY2024,21RC001,GENERAL EXPENDITURES,EXPEN,SUPPLIES AND MATERIALS,26,DETAIL,2024-10-23,AP,X0188946,PRICE MARIE G.,NA,2024-10-04,2024-10-04,OFFICE SUPPLIES (OUTSIDE),2620,36.23
2024 REPUBLICAN CONFERENCE,LY2024,21RC001,GENERAL EXPENDITURES,EXPEN,SUPPLIES AND MATERIALS,26,DETAIL,2024-10-23,AP,X0204663,STEWART-HESTER PATRICK D.,NA,2024-09-16,2024-09-16,FOOD & BEVERAGE,2603,356.48
2024 REPUBLICAN CONFERENCE,LY2024,21RC001,GENERAL EXPENDITURES,EXPEN,SUPPLIES AND MATERIALS,26,DETAIL,2024-10-23,AP,X0204663,STEWART-HESTER PATRICK D.,NA,2024-10-01,2024-10-01,FOOD & BEVERAGE,2603,344.52
2024 REPUBLICAN CONFERENCE,LY2024,21RC001,GENERAL EXPENDITURES,EXPEN,SUPPLIES AND MATERIALS,26,DETAIL,2024-10-23,AP,X0204663,STEWART-HESTER PATRICK D.,NA,2024-09-03,2024-09-03,OFFICE SUPPLIES (OUTSIDE),2620,18.34
2024 REPUBLICAN CONFERENCE,LY2024,21RC001,GENERAL EXPENDITURES,EXPEN,SUPPLIES AND MATERIALS,26,DETAIL,2024-10-23,AP,X0204663,STEWART-HESTER PATRICK D.,NA,2024-10-01,2024-10-01,OFFICE SUPPLIES (OUTSIDE),2620,354.52
2024 REPUBLICAN CONFERENCE,LY2024,21RC001,GENERAL EXPENDITURES,EXPEN,SUPPLIES AND MATERIALS,26,DETAIL,2024-10-23,AP,X0204663,STEWART-HESTER PATRICK D.,NA,2024-09-10,2024-10-10,PUBLICATIONS/REFERENCE MAT'L,2630,15.89
2024 REPUBLICAN CONFERENCE,LY2024,21RC001,GENERAL EXPENDITURES,EXPEN,SUPPLIES AND MATERIALS,26,DETAIL,2024-10-23,AP,X0204663,STEWART-HESTER PATRICK D.,NA,2024-09-17,2024-10-17,PUBLICATIONS/REFERENCE MAT'L,2630,8
2024 REPUBLICAN CONFERENCE,LY2024,21RC001,GENERAL EXPENDITURES,EXPEN,SUPPLIES AND MATERIALS,26,DETAIL,2024-10-23,AP,X0204663,STEWART-HESTER PATRICK D.,NA,2024-09-20,2024-10-20,PUBLICATIONS/REFERENCE MAT'L,2630,68.89
2024 REPUBLICAN CONFERENCE,LY2024,21RC001,GENERAL EXPENDITURES,EXPEN,SUPPLIES AND MATERIALS,26,DETAIL,2024-10-23,AP,X0204663,STEWART-HESTER PATRICK D.,NA,2024-09-21,2024-10-19,PUBLICATIONS/REFERENCE MAT'L,2630,12.72
2024 REPUBLICAN CONFERENCE,LY2024,21RC001,GENERAL EXPENDITURES,EXPEN,SUPPLIES AND MATERIALS,26,DETAIL,2024-10-23,AP,X0204663,STEWART-HESTER PATRICK D.,NA,2024-09-30,2024-10-27,PUBLICATIONS/REFERENCE MAT'L,2630,97.52
2024 REPUBLICAN CONFERENCE,LY2024,21RC001,GENERAL EXPENDITURES,EXPEN,SUPPLIES AND MATERIALS,26,DETAIL,2024-10-23,AP,X0204663,STEWART-HESTER PATRICK D.,NA,2024-10-01,2024-11-01,PUBLICATIONS/REFERENCE MAT'L,2630,77.37
2024 REPUBLICAN CONFERENCE,LY2024,21RC001,GENERAL EXPENDITURES,EXPEN,SUPPLIES AND MATERIALS,26,DETAIL,2024-10-23,AP,X0204663,STEWART-HESTER PATRICK D.,NA,2024-10-02,2024-11-02,PUBLICATIONS/REFERENCE MAT'L,2630,27.72
2024 REPUBLICAN CONFERENCE,LY2024,21RC001,GENERAL EXPENDITURES,EXPEN,SUPPLIES AND MATERIALS,26,DETAIL,2024-10-23,AP,X0205542,TSRC INC,12013,2024-03-01,2024-10-01,WATER,2602,199.8
2024 REPUBLICAN CONFERENCE,LY2024,21RC001,GENERAL EXPENDITURES,EXPEN,SUPPLIES AND MATERIALS,26,DETAIL,2024-10-23,AP,X0205544,TSRC INC,12013,2024-03-28,2024-09-24,WATER,2602,360
2024 REPUBLICAN CONFERENCE,LY2024,21RC001,GENERAL EXPENDITURES,EXPEN,SUPPLIES AND MATERIALS,26,DETAIL,2024-10-31,GL,RMS0137962,NA,NA,2024-10-01,2024-10-31,OFFICE SUPPLY (TRANSFER),2621,1065.79
2024 REPUBLICAN CONFERENCE,LY2024,21RC001,GENERAL EXPENDITURES,EXPEN,SUPPLIES AND MATERIALS,26,DETAIL,2024-11-05,AP,X0203853,ERDEL ALYSSA H.,NA,2024-10-09,2024-10-09,LEGISLATIVE PLNNG FOOD AND BEV,2604,57.96
2024 REPUBLICAN CONFERENCE,LY2024,21RC001,GENERAL EXPENDITURES,EXPEN,SUPPLIES AND MATERIALS,26,DETAIL,2024-11-05,AP,X0203853,ERDEL ALYSSA H.,NA,2024-10-11,2024-10-11,LEGISLATIVE PLNNG FOOD AND BEV,2604,285.99
2024 REPUBLICAN CONFERENCE,LY2024,21RC001,GENERAL EXPENDITURES,EXPEN,SUPPLIES AND MATERIALS,26,DETAIL,2024-11-05,AP,X0205019,OKONIEWSKI ANDERSON B.,NA,2024-10-07,2024-10-15,LEGISLATIVE PLNNG FOOD AND BEV,2604,150
2024 REPUBLICAN CONFERENCE,LY2024,21RC001,GENERAL EXPENDITURES,EXPEN,SUPPLIES AND MATERIALS,26,DETAIL,2024-11-05,AP,X0205019,OKONIEWSKI ANDERSON B.,NA,2024-10-16,2024-10-18,PUBLICATIONS/REFERENCE MAT'L,2630,17.18
2024 REPUBLICAN CONFERENCE,LY2024,21RC001,GENERAL EXPENDITURES,EXPEN,SUPPLIES AND MATERIALS,26,DETAIL,2024-11-05,AP,X0205441,ERDEL ALYSSA H.,NA,2024-10-21,2024-10-21,OFFICE SUPPLIES (OUTSIDE),2620,50.86
2024 REPUBLICAN CONFERENCE,LY2024,21RC001,GENERAL EXPENDITURES,EXPEN,SUPPLIES AND MATERIALS,26,DETAIL,2024-11-05,AP,X0205552,ERDEL ALYSSA H.,NA,2024-10-22,2024-10-22,OFFICE SUPPLIES (OUTSIDE),2620,16.84
2024 REPUBLICAN CONFERENCE,LY2024,21RC001,GENERAL EXPENDITURES,EXPEN,SUPPLIES AND MATERIALS,26,DETAIL,2024-11-05,AP,X0206791,OKONIEWSKI ANDERSON B.,NA,2024-10-29,2024-10-29,FOOD & BEVERAGE,2603,466.66
2024 REPUBLICAN CONFERENCE,LY2024,21RC001,GENERAL EXPENDITURES,EXPEN,SUPPLIES AND MATERIALS,26,DETAIL,2024-11-05,AP,X0206791,OKONIEWSKI ANDERSON B.,NA,2024-10-31,2024-10-31,FOOD & BEVERAGE,2603,11.88
2024 REPUBLICAN CONFERENCE,LY2024,21RC001,GENERAL EXPENDITURES,EXPEN,SUPPLIES AND MATERIALS,26,DETAIL,2024-11-05,AP,X0206791,OKONIEWSKI ANDERSON B.,NA,2024-10-29,2024-10-29,LEGISLATIVE PLNNG FOOD AND BEV,2604,192.07
2024 REPUBLICAN CONFERENCE,LY2024,21RC001,GENERAL EXPENDITURES,EXPEN,SUPPLIES AND MATERIALS,26,DETAIL,2024-11-05,AP,X0206791,OKONIEWSKI ANDERSON B.,NA,2024-10-29,2024-10-29,OFFICE SUPPLIES (OUTSIDE),2620,26.45
2024 REPUBLICAN CONFERENCE,LY2024,21RC001,GENERAL EXPENDITURES,EXPEN,SUPPLIES AND MATERIALS,26,DETAIL,2024-11-05,AP,X0206791,OKONIEWSKI ANDERSON B.,NA,2024-09-28,2024-10-28,PUBLICATIONS/REFERENCE MAT'L,2630,405
2024 REPUBLICAN CONFERENCE,LY2024,21RC001,GENERAL EXPENDITURES,EXPEN,SUPPLIES AND MATERIALS,26,DETAIL,2024-11-05,AP,X0209109,ERDEL ALYSSA H.,NA,2024-11-04,2024-11-04,FOOD & BEVERAGE,2603,445.72
2024 REPUBLICAN CONFERENCE,LY2024,21RC001,GENERAL EXPENDITURES,EXPEN,SUPPLIES AND MATERIALS,26,DETAIL,2024-11-06,AP,X0209176,ARGUS INSIGHT LLC,39829,2024-09-01,2024-09-30,PUBLICATIONS/REFERENCE MAT'L,2630,10000
2024 REPUBLICAN CONFERENCE,LY2024,21RC001,GENERAL EXPENDITURES,EXPEN,SUPPLIES AND MATERIALS,26,DETAIL,2024-11-12,AP,X0209199,HAGUE QUALITY WATER OF MD INC,11824,2024-11-01,2024-11-30,WATER,2602,63
2024 REPUBLICAN CONFERENCE,LY2024,21RC001,GENERAL EXPENDITURES,EXPEN,SUPPLIES AND MATERIALS,26,DETAIL,2024-11-21,AP,X0210431,ERDEL ALYSSA H.,NA,2024-11-11,2024-11-11,LEGISLATIVE PLNNG FOOD AND BEV,2604,204.28
2024 REPUBLICAN CONFERENCE,LY2024,21RC001,GENERAL EXPENDITURES,EXPEN,SUPPLIES AND MATERIALS,26,DETAIL,2024-11-21,AP,X0211745,ERDEL ALYSSA H.,NA,2024-11-13,2024-11-13,FOOD & BEVERAGE,2603,923.38
2024 REPUBLICAN CONFERENCE,LY2024,21RC001,GENERAL EXPENDITURES,EXPEN,SUPPLIES AND MATERIALS,26,DETAIL,2024-11-21,AP,X0212478,ERDEL ALYSSA H.,NA,2024-11-19,2024-11-19,HABITATION EXPENSE,2610,209.88
2024 REPUBLICAN CONFERENCE,LY2024,21RC001,GENERAL EXPENDITURES,EXPEN,SUPPLIES AND MATERIALS,26,DETAIL,2024-11-22,AP,X0211695,ERDEL ALYSSA H.,NA,2024-11-13,2024-11-13,LEGISLATIVE PLNNG FOOD AND BEV,2604,13437
2024 REPUBLICAN CONFERENCE,LY2024,21RC001,GENERAL EXPENDITURES,EXPEN,SUPPLIES AND MATERIALS,26,DETAIL,2024-11-22,AP,X0213002,PRICE MARIE G.,NA,2024-11-18,2024-11-18,OFFICE SUPPLIES (OUTSIDE),2620,54.4
2024 REPUBLICAN CONFERENCE,LY2024,21RC001,GENERAL EXPENDITURES,EXPEN,SUPPLIES AND MATERIALS,26,DETAIL,2024-11-26,AP,X0212400,STEWART-HESTER PATRICK D.,NA,2024-11-14,2024-11-14,LEGISLATIVE PLNNG FOOD AND BEV,2604,673.4
2024 REPUBLICAN CONFERENCE,LY2024,21RC001,GENERAL EXPENDITURES,EXPEN,SUPPLIES AND MATERIALS,26,DETAIL,2024-11-26,AP,X0212400,STEWART-HESTER PATRICK D.,NA,2024-11-19,2024-11-19,LEGISLATIVE PLNNG FOOD AND BEV,2604,2332.24
2024 REPUBLICAN CONFERENCE,LY2024,21RC001,GENERAL EXPENDITURES,EXPEN,SUPPLIES AND MATERIALS,26,DETAIL,2024-11-26,AP,X0213052,ARGUS INSIGHT LLC,39829,2024-10-01,2024-10-31,PUBLICATIONS/REFERENCE MAT'L,2630,10000
2024 REPUBLICAN CONFERENCE,LY2024,21RC001,GENERAL EXPENDITURES,EXPEN,SUPPLIES AND MATERIALS,26,DETAIL,2024-11-30,GL,RMS0138656,NA,NA,2024-11-01,2024-11-30,OFFICE SUPPLY (TRANSFER),2621,343.24
2024 REPUBLICAN CONFERENCE,LY2024,21RC001,GENERAL EXPENDITURES,EXPEN,SUPPLIES AND MATERIALS,26,DETAIL,2024-12-03,AP,1794757,IMPACTOFFICE,3600,2024-09-16,2024-09-30,OFFICE SUPPLIES (OUTSIDE),2620,956.36
2024 REPUBLICAN CONFERENCE,LY2024,21RC001,GENERAL EXPENDITURES,EXPEN,SUPPLIES AND MATERIALS,26,DETAIL,2024-12-03,AP,X0206171,ERDEL ALYSSA H.,NA,2024-08-12,2024-08-12,FOOD & BEVERAGE,2603,116.6
2024 REPUBLICAN CONFERENCE,LY2024,21RC001,GENERAL EXPENDITURES,EXPEN,SUPPLIES AND MATERIALS,26,DETAIL,2024-12-03,AP,X0206171,ERDEL ALYSSA H.,NA,2024-09-18,2024-09-18,FOOD & BEVERAGE,2603,58.3
2024 REPUBLICAN CONFERENCE,LY2024,21RC001,GENERAL EXPENDITURES,EXPEN,SUPPLIES AND MATERIALS,26,DETAIL,2024-12-03,AP,X0206171,ERDEL ALYSSA H.,NA,2024-11-07,2024-11-07,FOOD & BEVERAGE,2603,742
2024 REPUBLICAN CONFERENCE,LY2024,21RC001,GENERAL EXPENDITURES,EXPEN,SUPPLIES AND MATERIALS,26,DETAIL,2024-12-03,AP,X0206171,ERDEL ALYSSA H.,NA,2024-11-05,2024-11-05,LEGISLATIVE PLNNG FOOD AND BEV,2604,443.01
2024 REPUBLICAN CONFERENCE,LY2024,21RC001,GENERAL EXPENDITURES,EXPEN,SUPPLIES AND MATERIALS,26,DETAIL,2024-12-03,AP,X0215504,HAGUE QUALITY WATER OF MD INC,11824,2024-12-01,2024-12-31,WATER,2602,63
2024 REPUBLICAN CONFERENCE,LY2024,21RC001,GENERAL EXPENDITURES,EXPEN,SUPPLIES AND MATERIALS,26,DETAIL,2024-12-04,AP,1794782,IMPACTOFFICE,3600,2024-10-16,2024-10-31,OFFICE SUPPLIES (OUTSIDE),2620,110.61
2024 REPUBLICAN CONFERENCE,LY2024,21RC001,GENERAL EXPENDITURES,EXPEN,SUPPLIES AND MATERIALS,26,DETAIL,2024-12-04,AP,X0212383,OKONIEWSKI ANDERSON B.,NA,2024-11-17,2024-11-17,FOOD & BEVERAGE,2603,36.82
2024 REPUBLICAN CONFERENCE,LY2024,21RC001,GENERAL EXPENDITURES,EXPEN,SUPPLIES AND MATERIALS,26,DETAIL,2024-12-04,AP,X0212383,OKONIEWSKI ANDERSON B.,NA,2024-11-04,2024-11-04,LEGISLATIVE PLNNG FOOD AND BEV,2604,3342.23
2024 REPUBLICAN CONFERENCE,LY2024,21RC001,GENERAL EXPENDITURES,EXPEN,SUPPLIES AND MATERIALS,26,DETAIL,2024-12-04,AP,X0212383,OKONIEWSKI ANDERSON B.,NA,2024-11-11,2024-11-11,LEGISLATIVE PLNNG FOOD AND BEV,2604,4101.41
2024 REPUBLICAN CONFERENCE,LY2024,21RC001,GENERAL EXPENDITURES,EXPEN,SUPPLIES AND MATERIALS,26,DETAIL,2024-12-04,AP,X0212383,OKONIEWSKI ANDERSON B.,NA,2024-11-13,2024-11-13,LEGISLATIVE PLNNG FOOD AND BEV,2604,167.64
2024 REPUBLICAN CONFERENCE,LY2024,21RC001,GENERAL EXPENDITURES,EXPEN,SUPPLIES AND MATERIALS,26,DETAIL,2024-12-04,AP,X0212383,OKONIEWSKI ANDERSON B.,NA,2024-11-14,2024-11-14,LEGISLATIVE PLNNG FOOD AND BEV,2604,74.4
2024 REPUBLICAN CONFERENCE,LY2024,21RC001,GENERAL EXPENDITURES,EXPEN,SUPPLIES AND MATERIALS,26,DETAIL,2024-12-04,AP,X0212383,OKONIEWSKI ANDERSON B.,NA,2024-11-20,2024-11-20,LEGISLATIVE PLNNG FOOD AND BEV,2604,2305.34
2024 REPUBLICAN CONFERENCE,LY2024,21RC001,GENERAL EXPENDITURES,EXPEN,SUPPLIES AND MATERIALS,26,DETAIL,2024-12-04,AP,X0212383,OKONIEWSKI ANDERSON B.,NA,2024-11-08,2024-11-08,HABITATION EXPENSE,2610,26.49
2024 REPUBLICAN CONFERENCE,LY2024,21RC001,GENERAL EXPENDITURES,EXPEN,SUPPLIES AND MATERIALS,26,DETAIL,2024-12-04,AP,X0212383,OKONIEWSKI ANDERSON B.,NA,2024-11-17,2024-11-17,OFFICE SUPPLIES (OUTSIDE),2620,17.54
2024 REPUBLICAN CONFERENCE,LY2024,21RC001,GENERAL EXPENDITURES,EXPEN,SUPPLIES AND MATERIALS,26,DETAIL,2024-12-04,AP,X0215449,OKONIEWSKI ANDERSON B.,NA,2024-12-02,2024-12-02,FOOD & BEVERAGE,2603,121.04
2024 REPUBLICAN CONFERENCE,LY2024,21RC001,GENERAL EXPENDITURES,EXPEN,SUPPLIES AND MATERIALS,26,DETAIL,2024-12-04,AP,X0215449,OKONIEWSKI ANDERSON B.,NA,2024-11-02,2024-12-02,PUBLICATIONS/REFERENCE MAT'L,2630,405
2024 REPUBLICAN CONFERENCE,LY2024,21RC001,GENERAL EXPENDITURES,EXPEN,SUPPLIES AND MATERIALS,26,DETAIL,2024-12-04,AP,X0215865,DOBBINS LOGAN R.,NA,2024-12-03,2024-12-03,FOOD & BEVERAGE,2603,56.97
2024 REPUBLICAN CONFERENCE,LY2024,21RC001,GENERAL EXPENDITURES,EXPEN,SUPPLIES AND MATERIALS,26,DETAIL,2024-12-10,AP,X0201724,ERDEL ALYSSA H.,NA,2024-10-01,2024-10-01,FOOD & BEVERAGE,2603,644.25
2024 REPUBLICAN CONFERENCE,LY2024,21RC001,GENERAL EXPENDITURES,EXPEN,SUPPLIES AND MATERIALS,26,DETAIL,2024-12-10,AP,X0201724,ERDEL ALYSSA H.,NA,2024-10-04,2024-10-04,LEGISLATIVE PLNNG FOOD AND BEV,2604,427.19
2024 REPUBLICAN CONFERENCE,LY2024,21RC001,GENERAL EXPENDITURES,EXPEN,SUPPLIES AND MATERIALS,26,DETAIL,2024-12-18,AP,1790226,IMPACTOFFICE,3600,2024-08-16,2024-08-31,OFFICE SUPPLIES (OUTSIDE),2620,149.34
2024 REPUBLICAN CONFERENCE,LY2024,21RC001,GENERAL EXPENDITURES,EXPEN,SUPPLIES AND MATERIALS,26,DETAIL,2024-12-18,AP,X0219455,SHARP ELECTRONICS CORPORATIION,9514,2024-12-17,2024-12-17,OFFICE SUPPLIES (OUTSIDE),2620,279.64
2024 REPUBLICAN CONFERENCE,LY2024,21RC001,GENERAL EXPENDITURES,EXPEN,SUPPLIES AND MATERIALS,26,DETAIL,2024-12-30,AP,X0217766,OKONIEWSKI ANDERSON B.,NA,2024-12-18,2024-12-20,FOOD & BEVERAGE,2603,146.5
2024 REPUBLICAN CONFERENCE,LY2024,21RC001,GENERAL EXPENDITURES,EXPEN,SUPPLIES AND MATERIALS,26,DETAIL,2024-12-30,AP,X0217766,OKONIEWSKI ANDERSON B.,NA,2024-12-19,2024-12-19,FOOD & BEVERAGE,2603,57.87
2024 REPUBLICAN CONFERENCE,LY2024,21RC001,GENERAL EXPENDITURES,EXPEN,SUPPLIES AND MATERIALS,26,DETAIL,2024-12-30,AP,X0217766,OKONIEWSKI ANDERSON B.,NA,2024-12-20,2024-12-20,FOOD & BEVERAGE,2603,582.06
2024 REPUBLICAN CONFERENCE,LY2024,21RC001,GENERAL EXPENDITURES,EXPEN,SUPPLIES AND MATERIALS,26,DETAIL,2024-12-30,AP,X0217766,OKONIEWSKI ANDERSON B.,NA,2024-12-10,2024-12-10,LEGISLATIVE PLNNG FOOD AND BEV,2604,2853.68
2024 REPUBLICAN CONFERENCE,LY2024,21RC001,GENERAL EXPENDITURES,EXPEN,SUPPLIES AND MATERIALS,26,DETAIL,2024-12-30,AP,X0217766,OKONIEWSKI ANDERSON B.,NA,2024-12-17,2024-12-17,LEGISLATIVE PLNNG FOOD AND BEV,2604,2594.35
2024 REPUBLICAN CONFERENCE,LY2024,21RC001,GENERAL EXPENDITURES,EXPEN,SUPPLIES AND MATERIALS,26,DETAIL,2024-12-30,AP,X0217766,OKONIEWSKI ANDERSON B.,NA,2024-12-18,2024-12-18,LEGISLATIVE PLNNG FOOD AND BEV,2604,75.66
2024 REPUBLICAN CONFERENCE,LY2024,21RC001,GENERAL EXPENDITURES,EXPEN,SUPPLIES AND MATERIALS,26,DETAIL,2024-12-30,AP,X0217766,OKONIEWSKI ANDERSON B.,NA,2024-12-19,2024-12-19,LEGISLATIVE PLNNG FOOD AND BEV,2604,2451.39
2024 REPUBLICAN CONFERENCE,LY2024,21RC001,GENERAL EXPENDITURES,EXPEN,SUPPLIES AND MATERIALS,26,DETAIL,2024-12-31,GL,RMS0139296,NA,NA,2024-12-01,2024-12-31,OFFICE SUPPLY (TRANSFER),2621,856.04
2024 REPUBLICAN CONFERENCE,LY2024,21RC001,GENERAL EXPENDITURES,EXPEN,SUPPLIES AND MATERIALS,NA,SUBTOTAL,NA,NA,NA,NA,NA,NA,NA,SUPPLIES AND MATERIALS TOTALS:,NA,86424.62
2024 REPUBLICAN CONFERENCE,LY2024,21RC001,GENERAL EXPENDITURES,EXPEN,EQUIPMENT,31,DETAIL,2024-10-21,AP,X0203576,BSL GEM LASER EXPRESS,10303,2024-09-20,2024-09-20,MAINTENANCE / REPAIRS,3118,1395.76
2024 REPUBLICAN CONFERENCE,LY2024,21RC001,GENERAL EXPENDITURES,EXPEN,EQUIPMENT,31,DETAIL,2024-10-23,AP,X0204982,GULF PARTYLINE CORPORATION,27252,2024-09-01,2024-09-30,COMPUTER SOFTW PURCH  LESS THAN $10 000,3115,2875
2024 REPUBLICAN CONFERENCE,LY2024,21RC001,GENERAL EXPENDITURES,EXPEN,EQUIPMENT,31,DETAIL,2024-10-23,AP,X0204983,SHARP ELECTRONICS CORPORATIION,9514,2024-10-16,2024-10-16,MAINTENANCE / REPAIRS,3118,267
2024 REPUBLICAN CONFERENCE,LY2024,21RC001,GENERAL EXPENDITURES,EXPEN,EQUIPMENT,31,DETAIL,2024-10-23,AP,X0205270,SHARP ELECTRONICS CORPORATIION,9514,2024-10-16,2024-10-16,MAINTENANCE / REPAIRS,3118,187
2024 REPUBLICAN CONFERENCE,LY2024,21RC001,GENERAL EXPENDITURES,EXPEN,EQUIPMENT,31,DETAIL,2024-10-31,GL,MNT0137911,NA,NA,2024-10-01,2024-10-31,MAINTENANCE / REPAIRS,3118,422.75
2024 REPUBLICAN CONFERENCE,LY2024,21RC001,GENERAL EXPENDITURES,EXPEN,EQUIPMENT,31,DETAIL,2024-11-06,AP,1789969,SHARP ELECTRONICS CORPORATIION,9514,2024-07-18,2024-07-18,OFFICE EQUIPMENT PURCH  GREATER THAN OR =$25K,3122,29665
2024 REPUBLICAN CONFERENCE,LY2024,21RC001,GENERAL EXPENDITURES,EXPEN,EQUIPMENT,31,DETAIL,2024-11-19,AP,X0211512,GULF PARTYLINE CORPORATION,27252,2024-10-01,2024-10-31,COMPUTER SOFTW PURCH  LESS THAN $10 000,3115,2875
2024 REPUBLICAN CONFERENCE,LY2024,21RC001,GENERAL EXPENDITURES,EXPEN,EQUIPMENT,31,DETAIL,2024-11-29,GL,MNT0138593,NA,NA,2024-11-01,2024-11-30,MAINTENANCE / REPAIRS,3118,422.75
2024 REPUBLICAN CONFERENCE,LY2024,21RC001,GENERAL EXPENDITURES,EXPEN,EQUIPMENT,31,DETAIL,2024-12-04,AP,X0212383,OKONIEWSKI ANDERSON B.,NA,2024-11-18,2024-11-18,COMPUTER HARDW PURCH  LESS THAN $25 000,3112,167.36
2024 REPUBLICAN CONFERENCE,LY2024,21RC001,GENERAL EXPENDITURES,EXPEN,EQUIPMENT,31,DETAIL,2024-12-13,AP,X0217250,GULF PARTYLINE CORPORATION,27252,2024-11-01,2024-11-30,COMPUTER SOFTW PURCH  LESS THAN $10 000,3115,2875
2024 REPUBLICAN CONFERENCE,LY2024,21RC001,GENERAL EXPENDITURES,EXPEN,EQUIPMENT,31,DETAIL,2024-12-31,GL,MNT0139245,NA,NA,2024-12-01,2024-12-31,MAINTENANCE / REPAIRS,3118,422.75
2024 REPUBLICAN CONFERENCE,LY2024,21RC001,GENERAL EXPENDITURES,EXPEN,EQUIPMENT,NA,SUBTOTAL,NA,NA,NA,NA,NA,NA,NA,EQUIPMENT TOTALS:,NA,41575.37
2024 REPUBLICAN CONFERENCE,LY2024,21RC001,GENERAL EXPENDITURES,EXPEN,EQUIPMENT,NA,SUBTOTAL,NA,NA,NA,NA,NA,NA,NA,GENERAL EXPENDITURES TOTALS:,NA,772173.6
2024 REPUBLICAN CONFERENCE,LY2024,21RC001,GENERAL EXPENDITURES,NA,EQUIPMENT,NA,GRAND TOTAL FOR ORGANIZATION,NA,NA,NA,NA,NA,NA,NA,OFFICE TOTALS:,NA,772173.6
2024 REPUBLICAN CONFERENCE,LY2024,21RC001,INTERN ALLOWANCES,INTRN,PERSONNEL COMPENSATION,11,DETAIL,NA,GL,NA,KELLEHER CHARLES B.,NA,2024-10-01,2024-12-05,REPUB CONF PAID INTERN - HOUSE,1101,2166.67
2024 REPUBLICAN CONFERENCE,LY2024,21RC001,INTERN ALLOWANCES,INTRN,PERSONNEL COMPENSATION,11,DETAIL,NA,GL,NA,LEE JACOB G.,NA,2024-12-02,2024-12-13,REPUB CONF PAID INTERN - HOUSE,1101,768
2024 REPUBLICAN CONFERENCE,LY2024,21RC001,INTERN ALLOWANCES,INTRN,PERSONNEL COMPENSATION,11,DETAIL,NA,GL,NA,MALOUF JAYDEN,NA,2024-10-01,2024-12-20,REPUB CONF PAID INTERN - HOUSE,1101,2666.67
2024 REPUBLICAN CONFERENCE,LY2024,21RC001,INTERN ALLOWANCES,INTRN,PERSONNEL COMPENSATION,11,DETAIL,NA,GL,NA,MAYS REAGAN,NA,2024-10-30,2024-12-31,REPUB CONF PAID INTERN - HOUSE,1101,6506.67
2024 REPUBLICAN CONFERENCE,LY2024,21RC001,INTERN ALLOWANCES,INTRN,PERSONNEL COMPENSATION,11,DETAIL,NA,GL,NA,SPERO III MICHAEL A.,NA,2024-09-23,2024-12-31,REPUB CONF PAID INTERN - HOUSE,1101,10480.55
2024 REPUBLICAN CONFERENCE,LY2024,21RC001,INTERN ALLOWANCES,INTRN,PERSONNEL COMPENSATION,11,DETAIL,NA,GL,NA,WHEELER CARLTON M.,NA,2024-10-01,2024-12-20,REPUB CONF PAID INTERN - HOUSE,1101,2666.67
2024 REPUBLICAN CONFERENCE,LY2024,21RC001,INTERN ALLOWANCES,INTRN,PERSONNEL COMPENSATION,NA,SUBTOTAL,NA,NA,NA,NA,NA,NA,NA,PERSONNEL COMPENSATION TOTALS:,NA,25255.23
2024 REPUBLICAN CONFERENCE,LY2024,21RC001,INTERN ALLOWANCES,INTRN,PERSONNEL COMPENSATION,NA,SUBTOTAL,NA,NA,NA,NA,NA,NA,NA,INTERN ALLOWANCES TOTALS:,NA,25255.23
2024 REPUBLICAN CONFERENCE,LY2024,21RC001,INTERN ALLOWANCES,NA,PERSONNEL COMPENSATION,NA,GRAND TOTAL FOR ORGANIZATION,NA,NA,NA,NA,NA,NA,NA,OFFICE TOTALS:,NA,25255.23
